#Chr	Start	End	Fst
Chr01	1	200000	0.0599
Chr01	200001	400000	0.0879
Chr01	400001	600000	0.0746
Chr01	600001	800000	0.0763
Chr01	800001	1000000	0.0683
Chr01	1000001	1200000	0.0723
Chr01	1200001	1400000	0.0763
Chr01	1400001	1600000	0.1064
Chr01	1600001	1800000	0.0926
Chr01	1800001	2000000	0.0866
Chr01	2000001	2200000	0.0833
Chr01	2200001	2400000	0.0868
Chr01	2400001	2600000	0.0981
Chr01	2600001	2800000	0.0837
Chr01	2800001	3000000	0.0792
Chr01	3000001	3200000	0.1014
Chr01	3200001	3400000	0.0937
Chr01	3400001	3600000	0.0804
Chr01	3600001	3800000	0.0672
Chr01	3800001	4000000	0.0633
Chr01	4000001	4200000	0.0708
Chr01	4200001	4400000	0.0607
Chr01	4400001	4600000	0.0759
Chr01	4600001	4800000	0.0756
Chr01	4800001	5000000	0.0715
Chr01	5000001	5200000	0.0532
Chr01	5200001	5400000	0.0374
Chr01	5400001	5600000	0.0626
Chr01	5600001	5800000	0.0622
Chr01	5800001	6000000	0.0467
Chr01	6000001	6200000	0.0576
Chr01	6200001	6400000	0.0506
Chr01	6400001	6600000	0.0462
Chr01	6600001	6800000	0.0564
Chr01	6800001	7000000	0.0505
Chr01	7000001	7200000	0.0495
Chr01	7200001	7400000	0.0405
Chr01	7400001	7600000	0.0641
Chr01	7600001	7800000	0.0421
Chr01	7800001	8000000	0.0572
Chr01	8000001	8200000	0.0728
Chr01	8200001	8400000	0.0824
Chr01	8400001	8600000	0.0631
Chr01	8600001	8800000	0.0620
Chr01	8800001	9000000	0.0867
Chr01	9000001	9200000	0.0691
Chr01	9200001	9400000	0.0934
Chr01	9400001	9600000	0.0701
Chr01	9600001	9800000	0.0731
Chr01	9800001	10000000	0.1014
Chr01	10000001	10200000	0.0919
Chr01	10200001	10400000	0.0842
Chr01	10400001	10600000	0.0868
Chr01	10600001	10800000	0.0832
Chr01	10800001	11000000	0.0996
Chr01	11000001	11200000	0.0849
Chr01	11200001	11400000	0.1163
Chr01	11400001	11600000	0.1107
Chr01	11600001	11800000	0.1512
Chr01	11800001	12000000	0.2060
Chr01	12000001	12200000	0.3424
Chr01	12200001	12400000	0.4577
Chr01	12400001	12600000	0.5952
Chr01	12600001	12800000	0.6493
Chr01	12800001	13000000	0.6314
Chr01	13000001	13200000	0.5144
Chr01	13200001	13400000	0.3582
Chr01	13400001	13600000	0.2234
Chr01	13600001	13800000	0.1293
Chr01	13800001	14000000	0.0894
Chr01	14000001	14200000	0.0690
Chr01	14200001	14400000	0.0661
Chr01	14400001	14600000	0.0308
Chr01	14600001	14800000	0.0598
Chr01	14800001	15000000	0.0477
Chr01	15000001	15200000	0.0500
Chr01	15200001	15400000	0.0333
Chr01	15400001	15600000	0.0606
Chr01	15600001	15800000	0.0564
Chr01	15800001	16000000	0.0668
Chr01	16000001	16200000	0.0450
Chr01	16200001	16400000	0.0621
Chr01	16400001	16600000	0.0570
Chr01	16600001	16800000	0.0519
Chr01	16800001	17000000	0.0637
Chr01	17000001	17200000	0.0600
Chr01	17200001	17400000	0.0736
Chr01	17400001	17600000	0.0896
Chr01	17600001	17800000	0.0995
Chr01	17800001	18000000	0.0690
Chr01	18000001	18200000	0.0886
Chr01	18200001	18400000	0.0970
Chr01	18400001	18600000	0.0863
Chr01	18600001	18800000	0.0845
Chr01	18800001	19000000	0.1035
Chr01	19000001	19200000	0.0823
Chr01	19200001	19400000	0.1103
Chr01	19400001	19600000	0.0985
Chr01	19600001	19800000	0.0809
Chr01	19800001	20000000	0.0790
Chr01	20000001	20200000	0.0955
Chr01	20200001	20400000	0.0994
Chr01	20400001	20600000	0.0744
Chr01	20600001	20800000	0.0893
Chr01	20800001	21000000	0.0798
Chr01	21000001	21200000	0.0568
Chr01	21200001	21400000	0.0667
Chr01	21400001	21600000	0.0474
Chr01	21600001	21800000	0.0716
Chr01	21800001	22000000	0.0549
Chr01	22000001	22200000	0.0412
Chr01	22200001	22400000	0.0584
Chr01	22400001	22600000	0.0473
Chr01	22600001	22800000	0.0503
Chr01	22800001	23000000	0.0600
Chr01	23000001	23200000	0.0280
Chr01	23200001	23400000	0.0564
Chr01	23400001	23600000	0.0368
Chr01	23600001	23800000	0.0511
Chr01	23800001	24000000	0.0648
Chr01	24000001	24200000	0.0519
Chr01	24200001	24400000	0.0657
Chr01	24400001	24600000	0.0577
Chr01	24600001	24800000	0.0548
Chr01	24800001	25000000	0.0531
Chr01	25000001	25200000	0.0496
Chr01	25200001	25400000	0.0561
Chr01	25400001	25600000	0.0785
Chr01	25600001	25800000	0.0919
Chr01	25800001	26000000	0.0729
Chr01	26000001	26200000	0.0811
Chr01	26200001	26400000	0.0897
Chr01	26400001	26600000	0.0987
Chr01	26600001	26800000	0.1078
Chr01	26800001	27000000	0.0796
Chr01	27000001	27200000	0.0773
Chr01	27200001	27400000	0.1067
Chr01	27400001	27600000	0.1015
Chr01	27600001	27800000	0.1009
Chr01	27800001	28000000	0.0984
Chr01	28000001	28200000	0.0759
Chr01	28200001	28400000	0.1058
Chr01	28400001	28600000	0.0954
Chr01	28600001	28800000	0.0874
Chr01	28800001	29000000	0.0693
Chr01	29000001	29200000	0.0786
Chr01	29200001	29400000	0.0811
Chr01	29400001	29600000	0.0594
Chr01	29600001	29800000	0.0827
Chr01	29800001	30000000	0.0534
Chr01	30000001	30200000	0.0736
Chr01	30200001	30400000	0.0516
Chr01	30400001	30600000	0.0555
Chr01	30600001	30800000	0.0452
Chr01	30800001	31000000	0.0469
Chr01	31000001	31200000	0.0401
Chr01	31200001	31400000	0.0518
Chr01	31400001	31600000	0.0456
Chr01	31600001	31800000	0.0356
Chr01	31800001	32000000	0.0317
Chr01	32000001	32200000	0.0548
Chr01	32200001	32400000	0.0482
Chr01	32400001	32600000	0.0359
Chr01	32600001	32800000	0.0346
Chr01	32800001	33000000	0.0476
Chr01	33000001	33200000	0.0443
Chr01	33200001	33400000	0.0507
Chr01	33400001	33600000	0.0626
Chr01	33600001	33800000	0.0672
Chr01	33800001	34000000	0.0834
Chr01	34000001	34200000	0.0828
Chr01	34200001	34400000	0.0753
Chr01	34400001	34600000	0.0713
Chr01	34600001	34800000	0.0803
Chr01	34800001	35000000	0.1014
Chr01	35000001	35200000	0.0848
Chr01	35200001	35400000	0.0780
Chr01	35400001	35600000	0.0899
Chr01	35600001	35800000	0.1044
Chr01	35800001	36000000	0.0793
Chr01	36000001	36200000	0.0953
Chr01	36200001	36400000	0.0934
Chr01	36400001	36600000	0.0928
Chr01	36600001	36800000	0.1031
Chr01	36800001	37000000	0.0848
Chr01	37000001	37200000	0.0905
Chr01	37200001	37400000	0.0674
Chr01	37400001	37600000	0.0960
Chr01	37600001	37800000	0.0901
Chr01	37800001	38000000	0.0620
Chr01	38000001	38200000	0.0527
Chr01	38200001	38400000	0.0642
Chr01	38400001	38600000	0.0532
Chr01	38600001	38800000	0.0493
Chr01	38800001	39000000	0.0505
Chr01	39000001	39200000	0.0562
Chr01	39200001	39400000	0.0321
Chr01	39400001	39600000	0.0556
Chr01	39600001	39800000	0.0431
Chr01	39800001	40000000	0.0347
Chr01	40000001	40200000	0.0277
Chr01	40200001	40400000	0.0464
Chr01	40400001	40600000	0.0372
Chr01	40600001	40800000	0.0560
Chr01	40800001	41000000	0.0437
Chr01	41000001	41200000	0.0521
Chr01	41200001	41400000	0.0507
Chr01	41400001	41600000	0.0473
Chr01	41600001	41800000	0.0716
Chr01	41800001	42000000	0.0520
Chr01	42000001	42200000	0.0842
Chr01	42200001	42400000	0.0742
Chr01	42400001	42600000	0.0688
Chr01	42600001	42800000	0.0830
Chr01	42800001	43000000	0.0925
Chr01	43000001	43200000	0.0812
Chr01	43200001	43400000	0.0846
Chr01	43400001	43600000	0.1043
Chr01	43600001	43800000	0.1009
Chr01	43800001	43929697	0.0792
Chr02	1	200000	0.0874
Chr02	200001	400000	0.0584
Chr02	400001	600000	0.0773
Chr02	600001	800000	0.0697
Chr02	800001	1000000	0.0713
Chr02	1000001	1200000	0.0730
Chr02	1200001	1400000	0.0829
Chr02	1400001	1600000	0.0994
Chr02	1600001	1800000	0.1082
Chr02	1800001	2000000	0.0779
Chr02	2000001	2200000	0.0876
Chr02	2200001	2400000	0.0858
Chr02	2400001	2600000	0.0877
Chr02	2600001	2800000	0.0900
Chr02	2800001	3000000	0.0894
Chr02	3000001	3200000	0.0979
Chr02	3200001	3400000	0.0736
Chr02	3400001	3600000	0.0768
Chr02	3600001	3800000	0.0659
Chr02	3800001	4000000	0.0897
Chr02	4000001	4200000	0.0574
Chr02	4200001	4400000	0.0843
Chr02	4400001	4600000	0.0623
Chr02	4600001	4800000	0.0658
Chr02	4800001	5000000	0.0505
Chr02	5000001	5200000	0.0572
Chr02	5200001	5400000	0.0656
Chr02	5400001	5600000	0.0469
Chr02	5600001	5800000	0.0481
Chr02	5800001	6000000	0.0453
Chr02	6000001	6200000	0.0309
Chr02	6200001	6400000	0.0288
Chr02	6400001	6600000	0.0447
Chr02	6600001	6800000	0.0294
Chr02	6800001	7000000	0.0636
Chr02	7000001	7200000	0.0569
Chr02	7200001	7400000	0.0532
Chr02	7400001	7600000	0.0526
Chr02	7600001	7800000	0.0427
Chr02	7800001	8000000	0.0584
Chr02	8000001	8200000	0.0498
Chr02	8200001	8400000	0.0595
Chr02	8400001	8600000	0.0825
Chr02	8600001	8800000	0.0751
Chr02	8800001	9000000	0.0744
Chr02	9000001	9200000	0.0733
Chr02	9200001	9400000	0.0817
Chr02	9400001	9600000	0.0980
Chr02	9600001	9800000	0.0852
Chr02	9800001	10000000	0.0851
Chr02	10000001	10200000	0.0793
Chr02	10200001	10400000	0.0849
Chr02	10400001	10600000	0.1119
Chr02	10600001	10800000	0.0995
Chr02	10800001	11000000	0.0909
Chr02	11000001	11200000	0.0942
Chr02	11200001	11400000	0.0905
Chr02	11400001	11600000	0.0728
Chr02	11600001	11800000	0.0764
Chr02	11800001	12000000	0.1006
Chr02	12000001	12200000	0.0917
Chr02	12200001	12400000	0.0656
Chr02	12400001	12600000	0.0912
Chr02	12600001	12800000	0.0586
Chr02	12800001	13000000	0.0797
Chr02	13000001	13200000	0.0517
Chr02	13200001	13400000	0.0535
Chr02	13400001	13600000	0.0419
Chr02	13600001	13800000	0.0635
Chr02	13800001	14000000	0.0639
Chr02	14000001	14200000	0.0369
Chr02	14200001	14400000	0.0414
Chr02	14400001	14600000	0.0471
Chr02	14600001	14800000	0.0441
Chr02	14800001	15000000	0.0362
Chr02	15000001	15200000	0.0534
Chr02	15200001	15400000	0.0354
Chr02	15400001	15600000	0.0580
Chr02	15600001	15800000	0.0379
Chr02	15800001	16000000	0.0385
Chr02	16000001	16200000	0.0606
Chr02	16200001	16400000	0.0441
Chr02	16400001	16600000	0.0746
Chr02	16600001	16800000	0.0830
Chr02	16800001	17000000	0.0524
Chr02	17000001	17200000	0.0754
Chr02	17200001	17400000	0.0926
Chr02	17400001	17600000	0.0736
Chr02	17600001	17800000	0.0774
Chr02	17800001	18000000	0.0795
Chr02	18000001	18200000	0.1006
Chr02	18200001	18400000	0.1081
Chr02	18400001	18600000	0.1063
Chr02	18600001	18800000	0.0802
Chr02	18800001	19000000	0.0997
Chr02	19000001	19200000	0.0829
Chr02	19200001	19400000	0.0929
Chr02	19400001	19600000	0.1057
Chr02	19600001	19800000	0.1078
Chr02	19800001	20000000	0.0744
Chr02	20000001	20200000	0.0866
Chr02	20200001	20400000	0.0880
Chr02	20400001	20600000	0.0776
Chr02	20600001	20800000	0.0877
Chr02	20800001	21000000	0.0875
Chr02	21000001	21200000	0.0882
Chr02	21200001	21400000	0.0608
Chr02	21400001	21600000	0.0626
Chr02	21600001	21800000	0.0965
Chr02	21800001	22000000	0.1243
Chr02	22000001	22200000	0.1722
Chr02	22200001	22400000	0.2813
Chr02	22400001	22600000	0.4177
Chr02	22600001	22800000	0.5575
Chr02	22800001	23000000	0.6152
Chr02	23000001	23200000	0.6072
Chr02	23200001	23400000	0.4875
Chr02	23400001	23600000	0.3828
Chr02	23600001	23800000	0.2225
Chr02	23800001	24000000	0.1381
Chr02	24000001	24200000	0.0792
Chr02	24200001	24400000	0.0730
Chr02	24400001	24600000	0.0467
Chr02	24600001	24800000	0.0629
Chr02	24800001	25000000	0.0621
Chr02	25000001	25200000	0.0531
Chr02	25200001	25400000	0.0611
Chr02	25400001	25600000	0.0800
Chr02	25600001	25800000	0.0821
Chr02	25800001	26000000	0.0667
Chr02	26000001	26200000	0.0741
Chr02	26200001	26400000	0.0789
Chr02	26400001	26600000	0.0949
Chr02	26600001	26800000	0.0907
Chr02	26800001	27000000	0.0886
Chr02	27000001	27200000	0.0912
Chr02	27200001	27400000	0.1006
Chr02	27400001	27600000	0.0805
Chr02	27600001	27800000	0.1053
Chr02	27800001	28000000	0.0796
Chr02	28000001	28200000	0.1028
Chr02	28200001	28400000	0.0986
Chr02	28400001	28600000	0.0811
Chr02	28600001	28800000	0.0752
Chr02	28800001	29000000	0.0840
Chr02	29000001	29200000	0.0906
Chr02	29200001	29400000	0.0879
Chr02	29400001	29600000	0.0865
Chr02	29600001	29800000	0.0519
Chr02	29800001	30000000	0.0622
Chr02	30000001	30200000	0.0728
Chr02	30200001	30400000	0.0644
Chr02	30400001	30600000	0.0367
Chr02	30600001	30800000	0.0419
Chr02	30800001	31000000	0.0421
Chr02	31000001	31200000	0.0317
Chr02	31200001	31400000	0.0397
Chr02	31400001	31600000	0.0315
Chr02	31600001	31800000	0.0327
Chr02	31800001	32000000	0.0524
Chr02	32000001	32200000	0.0633
Chr02	32200001	32400000	0.0489
Chr02	32400001	32600000	0.0439
Chr02	32600001	32800000	0.0584
Chr02	32800001	33000000	0.0389
Chr02	33000001	33200000	0.0557
Chr02	33200001	33400000	0.0484
Chr02	33400001	33600000	0.0773
Chr02	33600001	33800000	0.0708
Chr02	33800001	34000000	0.0727
Chr02	34000001	34200000	0.0693
Chr02	34200001	34400000	0.0938
Chr02	34400001	34600000	0.0853
Chr02	34600001	34800000	0.0715
Chr02	34800001	35000000	0.0778
Chr02	35000001	35200000	0.0966
Chr02	35200001	35400000	0.1075
Chr02	35400001	35600000	0.0966
Chr02	35600001	35800000	0.1039
Chr02	35800001	36000000	0.1011
Chr02	36000001	36200000	0.0784
Chr02	36200001	36400000	0.0781
Chr02	36400001	36447916	0.1001
Chr03	1	200000	0.0793
Chr03	200001	400000	0.0588
Chr03	400001	600000	0.0868
Chr03	600001	800000	0.0779
Chr03	800001	1000000	0.0853
Chr03	1000001	1200000	0.1030
Chr03	1200001	1400000	0.0864
Chr03	1400001	1600000	0.0811
Chr03	1600001	1800000	0.0903
Chr03	1800001	2000000	0.0827
Chr03	2000001	2200000	0.1069
Chr03	2200001	2400000	0.1120
Chr03	2400001	2600000	0.1080
Chr03	2600001	2800000	0.0832
Chr03	2800001	3000000	0.0907
Chr03	3000001	3200000	0.0769
Chr03	3200001	3400000	0.0890
Chr03	3400001	3600000	0.0818
Chr03	3600001	3800000	0.0743
Chr03	3800001	4000000	0.0897
Chr03	4000001	4200000	0.0799
Chr03	4200001	4400000	0.0746
Chr03	4400001	4600000	0.0599
Chr03	4600001	4800000	0.0680
Chr03	4800001	5000000	0.0464
Chr03	5000001	5200000	0.0654
Chr03	5200001	5400000	0.0421
Chr03	5400001	5600000	0.0668
Chr03	5600001	5800000	0.0374
Chr03	5800001	6000000	0.0426
Chr03	6000001	6200000	0.0458
Chr03	6200001	6400000	0.0284
Chr03	6400001	6600000	0.0488
Chr03	6600001	6800000	0.0365
Chr03	6800001	7000000	0.0543
Chr03	7000001	7200000	0.0399
Chr03	7200001	7400000	0.0521
Chr03	7400001	7600000	0.0374
Chr03	7600001	7800000	0.0643
Chr03	7800001	8000000	0.0744
Chr03	8000001	8200000	0.0578
Chr03	8200001	8400000	0.0539
Chr03	8400001	8600000	0.0620
Chr03	8600001	8800000	0.0876
Chr03	8800001	9000000	0.0792
Chr03	9000001	9200000	0.0855
Chr03	9200001	9400000	0.0987
Chr03	9400001	9600000	0.0816
Chr03	9600001	9800000	0.0901
Chr03	9800001	10000000	0.1054
Chr03	10000001	10200000	0.0854
Chr03	10200001	10400000	0.0908
Chr03	10400001	10600000	0.1111
Chr03	10600001	10800000	0.0964
Chr03	10800001	11000000	0.0826
Chr03	11000001	11200000	0.0810
Chr03	11200001	11400000	0.1078
Chr03	11400001	11600000	0.0872
Chr03	11600001	11800000	0.1010
Chr03	11800001	12000000	0.0913
Chr03	12000001	12200000	0.0701
Chr03	12200001	12400000	0.0845
Chr03	12400001	12600000	0.0653
Chr03	12600001	12800000	0.0847
Chr03	12800001	13000000	0.0809
Chr03	13000001	13200000	0.0526
Chr03	13200001	13400000	0.0465
Chr03	13400001	13600000	0.0612
Chr03	13600001	13800000	0.0472
Chr03	13800001	14000000	0.0595
Chr03	14000001	14200000	0.0320
Chr03	14200001	14400000	0.0312
Chr03	14400001	14600000	0.0350
Chr03	14600001	14800000	0.0388
Chr03	14800001	15000000	0.0543
Chr03	15000001	15200000	0.0339
Chr03	15200001	15400000	0.0528
Chr03	15400001	15600000	0.0530
Chr03	15600001	15800000	0.0363
Chr03	15800001	16000000	0.0518
Chr03	16000001	16200000	0.0439
Chr03	16200001	16400000	0.0672
Chr03	16400001	16600000	0.0626
Chr03	16600001	16800000	0.0745
Chr03	16800001	17000000	0.0701
Chr03	17000001	17200000	0.0609
Chr03	17200001	17400000	0.0783
Chr03	17400001	17600000	0.0898
Chr03	17600001	17800000	0.0994
Chr03	17800001	18000000	0.1026
Chr03	18000001	18200000	0.0965
Chr03	18200001	18400000	0.0827
Chr03	18400001	18600000	0.1039
Chr03	18600001	18800000	0.1000
Chr03	18800001	19000000	0.0775
Chr03	19000001	19200000	0.1009
Chr03	19200001	19400000	0.1116
Chr03	19400001	19600000	0.1010
Chr03	19600001	19800000	0.1059
Chr03	19800001	20000000	0.0893
Chr03	20000001	20200000	0.0918
Chr03	20200001	20400000	0.1015
Chr03	20400001	20600000	0.0743
Chr03	20600001	20800000	0.0660
Chr03	20800001	21000000	0.0589
Chr03	21000001	21200000	0.0646
Chr03	21200001	21400000	0.0697
Chr03	21400001	21600000	0.0495
Chr03	21600001	21800000	0.0594
Chr03	21800001	22000000	0.0679
Chr03	22000001	22200000	0.0368
Chr03	22200001	22400000	0.0359
Chr03	22400001	22600000	0.0607
Chr03	22600001	22800000	0.0524
Chr03	22800001	23000000	0.0469
Chr03	23000001	23200000	0.0469
Chr03	23200001	23400000	0.0476
Chr03	23400001	23600000	0.0572
Chr03	23600001	23800000	0.0499
Chr03	23800001	24000000	0.0513
Chr03	24000001	24200000	0.0619
Chr03	24200001	24400000	0.0665
Chr03	24400001	24600000	0.0409
Chr03	24600001	24800000	0.0627
Chr03	24800001	25000000	0.0658
Chr03	25000001	25200000	0.0761
Chr03	25200001	25400000	0.0771
Chr03	25400001	25600000	0.0638
Chr03	25600001	25800000	0.0916
Chr03	25800001	26000000	0.0790
Chr03	26000001	26200000	0.0984
Chr03	26200001	26400000	0.0843
Chr03	26400001	26600000	0.0952
Chr03	26600001	26800000	0.0863
Chr03	26800001	27000000	0.0772
Chr03	27000001	27200000	0.0878
Chr03	27200001	27400000	0.0834
Chr03	27400001	27600000	0.0884
Chr03	27600001	27800000	0.0771
Chr03	27800001	28000000	0.0835
Chr03	28000001	28200000	0.0946
Chr03	28200001	28400000	0.0959
Chr03	28400001	28600000	0.0913
Chr03	28600001	28800000	0.1011
Chr03	28800001	29000000	0.0825
Chr03	29000001	29200000	0.0885
Chr03	29200001	29400000	0.0736
Chr03	29400001	29600000	0.0880
Chr03	29600001	29800000	0.0635
Chr03	29800001	30000000	0.0625
Chr03	30000001	30200000	0.0560
Chr03	30200001	30400000	0.0717
Chr03	30400001	30600000	0.0694
Chr03	30600001	30800000	0.0502
Chr03	30800001	31000000	0.0563
Chr03	31000001	31200000	0.0421
Chr03	31200001	31400000	0.0588
Chr03	31400001	31600000	0.0435
Chr03	31600001	31800000	0.0382
Chr03	31800001	32000000	0.0364
Chr03	32000001	32200000	0.0316
Chr03	32200001	32400000	0.0337
Chr03	32400001	32600000	0.0528
Chr03	32600001	32800000	0.0476
Chr03	32800001	33000000	0.0573
Chr03	33000001	33200000	0.0722
Chr03	33200001	33400000	0.0614
Chr03	33400001	33600000	0.0756
Chr03	33600001	33800000	0.0834
Chr03	33800001	34000000	0.0833
Chr03	34000001	34200000	0.0754
Chr03	34200001	34400000	0.0837
Chr03	34400001	34600000	0.0866
Chr03	34600001	34800000	0.0903
Chr03	34800001	35000000	0.0716
Chr03	35000001	35200000	0.0932
Chr03	35200001	35400000	0.0851
Chr03	35400001	35600000	0.1044
Chr03	35600001	35800000	0.1099
Chr03	35800001	36000000	0.0990
Chr03	36000001	36200000	0.0981
Chr03	36200001	36400000	0.0948
Chr03	36400001	36600000	0.1004
Chr03	36600001	36800000	0.0745
Chr03	36800001	37000000	0.0963
Chr03	37000001	37200000	0.0933
Chr03	37200001	37399924	0.0656
