#Chr	Start	End	NegLog10P	Association_class
Chr01	37002761	37002761	0.419	Background
Chr01	35503163	35503163	0.539	Background
Chr01	41692911	41692911	2.793	Background
Chr01	27265950	27265950	0.814	Background
Chr01	40640314	40640314	1.562	Background
Chr01	6518893	6518893	2.803	Background
Chr01	23242053	23242053	2.670	Background
Chr01	26972927	26972927	1.605	Background
Chr01	40200381	40200381	0.838	Background
Chr01	7935972	7935972	1.454	Background
Chr01	7127139	7127139	2.914	Background
Chr01	13545938	13545938	2.712	Background
Chr01	10530632	10530632	0.744	Background
Chr01	7391712	7391712	1.079	Background
Chr01	1930497	1930497	0.946	Background
Chr01	10572297	10572297	1.829	Background
Chr01	12087793	12087793	2.818	Background
Chr01	32098826	32098826	2.236	Background
Chr01	8246548	8246548	1.182	Background
Chr01	30857377	30857377	0.911	Background
Chr01	8724375	8724375	2.499	Background
Chr01	12837163	12837163	0.237	Background
Chr01	4571148	4571148	1.068	Background
Chr01	6701946	6701946	0.973	Background
Chr01	8461032	8461032	1.790	Background
Chr01	21555700	21555700	1.905	Background
Chr01	39073268	39073268	2.418	Background
Chr01	43667549	43667549	2.447	Background
Chr01	3859387	3859387	0.416	Background
Chr01	14302135	14302135	1.329	Background
Chr01	42109381	42109381	2.525	Background
Chr01	7723893	7723893	2.816	Background
Chr01	24175284	24175284	1.062	Background
Chr01	21015149	21015149	0.488	Background
Chr01	32986586	32986586	1.407	Background
Chr01	41218008	41218008	2.448	Background
Chr01	15204016	15204016	2.686	Background
Chr01	24055585	24055585	1.626	Background
Chr01	32874360	32874360	2.849	Background
Chr01	1427519	1427519	1.213	Background
Chr01	2198022	2198022	1.568	Background
Chr01	39812464	39812464	1.295	Background
Chr01	2243985	2243985	0.371	Background
Chr01	40132975	40132975	1.846	Background
Chr01	35294712	35294712	1.746	Background
Chr01	22523516	22523516	2.791	Background
Chr01	25332961	25332961	2.512	Background
Chr01	32171118	32171118	2.258	Background
Chr01	16335131	16335131	2.529	Background
Chr01	12410954	12410954	1.673	Background
Chr01	29467360	29467360	1.701	Background
Chr01	18980147	18980147	0.928	Background
Chr01	35384213	35384213	1.156	Background
Chr01	24835278	24835278	0.884	Background
Chr01	24074129	24074129	1.385	Background
Chr01	39278121	39278121	0.354	Background
Chr01	20336277	20336277	2.252	Background
Chr01	37788712	37788712	2.512	Background
Chr01	22720218	22720218	0.348	Background
Chr01	38237675	38237675	2.019	Background
Chr01	1019003	1019003	2.517	Background
Chr01	6606612	6606612	2.822	Background
Chr01	17050980	17050980	0.350	Background
Chr01	17175989	17175989	0.583	Background
Chr01	16748222	16748222	0.232	Background
Chr01	6246874	6246874	0.305	Background
Chr01	35378034	35378034	1.017	Background
Chr01	19368932	19368932	2.025	Background
Chr01	43906548	43906548	1.515	Background
Chr01	11053356	11053356	2.652	Background
Chr01	22355854	22355854	2.724	Background
Chr01	42365164	42365164	1.303	Background
Chr01	16257464	16257464	2.395	Background
Chr01	17502089	17502089	1.837	Background
Chr01	30069679	30069679	1.963	Background
Chr01	29509768	29509768	1.123	Background
Chr01	32199471	32199471	0.899	Background
Chr01	23707286	23707286	2.853	Background
Chr01	27715644	27715644	2.470	Background
Chr01	30795778	30795778	2.764	Background
Chr01	3910317	3910317	1.236	Background
Chr01	17688914	17688914	1.483	Background
Chr01	41646047	41646047	2.740	Background
Chr01	40278352	40278352	1.349	Background
Chr01	37353541	37353541	1.291	Background
Chr01	2722564	2722564	1.411	Background
Chr01	14385007	14385007	2.881	Background
Chr01	22735891	22735891	1.878	Background
Chr01	7791812	7791812	1.295	Background
Chr01	37170001	37170001	1.822	Background
Chr01	35785905	35785905	1.510	Background
Chr01	29177127	29177127	0.340	Background
Chr01	7338752	7338752	1.422	Background
Chr01	24446693	24446693	0.508	Background
Chr01	4519340	4519340	0.892	Background
Chr01	2079852	2079852	1.131	Background
Chr01	25289690	25289690	1.530	Background
Chr01	5900996	5900996	2.131	Background
Chr01	862968	862968	1.431	Background
Chr01	29077615	29077615	2.996	Background
Chr01	30254920	30254920	0.894	Background
Chr01	31685651	31685651	0.946	Background
Chr01	38162104	38162104	1.709	Background
Chr01	25215699	25215699	1.563	Background
Chr01	12349149	12349149	0.822	Background
Chr01	23056507	23056507	0.457	Background
Chr01	30946064	30946064	1.562	Background
Chr01	5839382	5839382	1.733	Background
Chr01	15463198	15463198	2.070	Background
Chr01	966209	966209	0.363	Background
Chr01	40893217	40893217	0.317	Background
Chr01	39802635	39802635	0.818	Background
Chr01	20317313	20317313	1.170	Background
Chr01	35699218	35699218	2.449	Background
Chr01	36997580	36997580	1.603	Background
Chr01	26183020	26183020	2.660	Background
Chr01	2530981	2530981	2.787	Background
Chr01	38189945	38189945	2.755	Background
Chr01	37394310	37394310	1.554	Background
Chr01	14823543	14823543	1.185	Background
Chr01	4872787	4872787	0.617	Background
Chr01	882130	882130	2.837	Background
Chr01	8279031	8279031	2.885	Background
Chr01	2817537	2817537	2.176	Background
Chr01	34925855	34925855	0.284	Background
Chr01	10915289	10915289	2.758	Background
Chr01	34996967	34996967	2.703	Background
Chr01	3876913	3876913	2.426	Background
Chr01	28619893	28619893	2.270	Background
Chr01	35087224	35087224	1.347	Background
Chr01	43696825	43696825	2.744	Background
Chr01	28063208	28063208	1.123	Background
Chr01	39986374	39986374	2.266	Background
Chr01	5814855	5814855	1.214	Background
Chr01	10504897	10504897	0.502	Background
Chr01	38233147	38233147	2.519	Background
Chr01	8440497	8440497	2.040	Background
Chr01	21956595	21956595	0.728	Background
Chr01	42749189	42749189	2.502	Background
Chr01	33849096	33849096	1.557	Background
Chr01	35890758	35890758	2.469	Background
Chr01	11477704	11477704	2.859	Background
Chr01	5266448	5266448	1.125	Background
Chr01	20740826	20740826	2.112	Background
Chr01	14726068	14726068	2.468	Background
Chr01	5301767	5301767	2.490	Background
Chr01	11030351	11030351	2.366	Background
Chr01	30939608	30939608	1.921	Background
Chr01	30873719	30873719	2.056	Background
Chr01	5279571	5279571	0.881	Background
Chr01	36948430	36948430	1.211	Background
Chr01	22299415	22299415	0.812	Background
Chr01	31969554	31969554	2.685	Background
Chr01	25647836	25647836	2.632	Background
Chr01	13323852	13323852	2.087	Background
Chr01	38671719	38671719	1.448	Background
Chr01	1307066	1307066	2.021	Background
Chr01	8627668	8627668	1.361	Background
Chr01	30671279	30671279	1.126	Background
Chr01	31776724	31776724	2.104	Background
Chr01	34085750	34085750	2.039	Background
Chr01	2458177	2458177	1.538	Background
Chr01	4401096	4401096	1.691	Background
Chr01	13568756	13568756	2.980	Background
Chr01	38734297	38734297	1.712	Background
Chr01	37306719	37306719	1.357	Background
Chr01	27077743	27077743	0.320	Background
Chr01	22349424	22349424	2.432	Background
Chr01	8779776	8779776	2.457	Background
Chr01	11589671	11589671	0.951	Background
Chr01	42201853	42201853	2.899	Background
Chr01	8319646	8319646	1.257	Background
Chr01	20126936	20126936	2.862	Background
Chr01	16424362	16424362	0.249	Background
Chr01	13366043	13366043	0.951	Background
Chr01	22125524	22125524	2.233	Background
Chr01	15562620	15562620	0.879	Background
Chr01	619956	619956	0.778	Background
Chr01	37235236	37235236	1.381	Background
Chr01	12860413	12860413	0.427	Background
Chr01	12411660	12411660	4.897	Suggestive
Chr01	12168008	12168008	4.221	Suggestive
Chr01	12303368	12303368	4.485	Suggestive
Chr01	12667223	12667223	4.474	Suggestive
Chr01	12727084	12727084	3.306	Suggestive
Chr01	12563884	12563884	3.762	Suggestive
Chr01	12171991	12171991	5.045	Suggestive
Chr01	13267648	13267648	4.338	Suggestive
Chr01	13169347	13169347	3.358	Suggestive
Chr01	12805828	12805828	4.442	Suggestive
Chr01	13075962	13075962	4.630	Suggestive
Chr01	12975032	12975032	4.510	Suggestive
Chr01	12582758	12582758	3.691	Suggestive
Chr01	12349032	12349032	4.704	Suggestive
Chr01	12740063	12740063	9.240	Genome_wide
Chr02	32435473	32435473	0.633	Background
Chr02	2234634	2234634	2.497	Background
Chr02	6471180	6471180	0.616	Background
Chr02	22471718	22471718	0.376	Background
Chr02	34267039	34267039	2.560	Background
Chr02	3872057	3872057	0.265	Background
Chr02	22573515	22573515	0.518	Background
Chr02	24110	24110	1.272	Background
Chr02	14056498	14056498	1.834	Background
Chr02	31981664	31981664	1.236	Background
Chr02	19461163	19461163	2.516	Background
Chr02	10850664	10850664	2.572	Background
Chr02	9778673	9778673	2.857	Background
Chr02	31661419	31661419	0.810	Background
Chr02	36013940	36013940	2.165	Background
Chr02	30606323	30606323	0.284	Background
Chr02	16592797	16592797	1.598	Background
Chr02	8665216	8665216	1.131	Background
Chr02	34848255	34848255	1.747	Background
Chr02	21063047	21063047	0.365	Background
Chr02	33754303	33754303	1.659	Background
Chr02	21571646	21571646	1.379	Background
Chr02	32918663	32918663	0.530	Background
Chr02	3608735	3608735	0.283	Background
Chr02	2092241	2092241	2.594	Background
Chr02	5351993	5351993	0.451	Background
Chr02	22275874	22275874	2.397	Background
Chr02	10724702	10724702	2.936	Background
Chr02	34199608	34199608	1.969	Background
Chr02	17460405	17460405	0.393	Background
Chr02	36305016	36305016	0.393	Background
Chr02	9410086	9410086	0.834	Background
Chr02	18282484	18282484	0.477	Background
Chr02	16053953	16053953	1.521	Background
Chr02	6638677	6638677	0.739	Background
Chr02	26952133	26952133	1.430	Background
Chr02	28679080	28679080	0.833	Background
Chr02	6990662	6990662	0.727	Background
Chr02	32665118	32665118	1.829	Background
Chr02	26932682	26932682	0.448	Background
Chr02	35204124	35204124	1.447	Background
Chr02	26360076	26360076	0.908	Background
Chr02	11830966	11830966	0.831	Background
Chr02	23923875	23923875	1.357	Background
Chr02	31176606	31176606	2.200	Background
Chr02	24733899	24733899	0.684	Background
Chr02	34082149	34082149	1.897	Background
Chr02	26408031	26408031	0.542	Background
Chr02	18864324	18864324	0.392	Background
Chr02	28312892	28312892	2.306	Background
Chr02	14890688	14890688	1.222	Background
Chr02	12266035	12266035	0.909	Background
Chr02	7543634	7543634	2.887	Background
Chr02	23044662	23044662	2.742	Background
Chr02	27232159	27232159	2.820	Background
Chr02	9944754	9944754	1.946	Background
Chr02	13114801	13114801	2.962	Background
Chr02	11564044	11564044	1.145	Background
Chr02	30276090	30276090	0.600	Background
Chr02	27855590	27855590	0.918	Background
Chr02	19773967	19773967	0.365	Background
Chr02	21119646	21119646	2.069	Background
Chr02	6460357	6460357	0.636	Background
Chr02	28767079	28767079	0.221	Background
Chr02	10070052	10070052	2.024	Background
Chr02	8403089	8403089	2.683	Background
Chr02	15749147	15749147	0.909	Background
Chr02	36361542	36361542	1.277	Background
Chr02	15945821	15945821	1.778	Background
Chr02	31224848	31224848	1.493	Background
Chr02	5649438	5649438	1.789	Background
Chr02	6416681	6416681	0.755	Background
Chr02	18108253	18108253	1.658	Background
Chr02	24230312	24230312	1.607	Background
Chr02	29410134	29410134	1.170	Background
Chr02	8299765	8299765	0.932	Background
Chr02	7460805	7460805	0.281	Background
Chr02	35592532	35592532	2.331	Background
Chr02	16261576	16261576	1.058	Background
Chr02	8176760	8176760	2.506	Background
Chr02	16650936	16650936	0.545	Background
Chr02	22187525	22187525	0.301	Background
Chr02	19550138	19550138	1.123	Background
Chr02	7562273	7562273	2.462	Background
Chr02	35748589	35748589	0.316	Background
Chr02	5018399	5018399	2.349	Background
Chr02	16078963	16078963	0.479	Background
Chr02	2380937	2380937	0.758	Background
Chr02	6300314	6300314	1.308	Background
Chr02	30429074	30429074	0.814	Background
Chr02	23121115	23121115	0.941	Background
Chr02	36149896	36149896	0.578	Background
Chr02	32228371	32228371	0.528	Background
Chr02	32197167	32197167	2.072	Background
Chr02	14248456	14248456	1.269	Background
Chr02	27225239	27225239	1.151	Background
Chr02	7545991	7545991	1.050	Background
Chr02	12252260	12252260	1.465	Background
Chr02	26922556	26922556	0.720	Background
Chr02	6563857	6563857	1.738	Background
Chr02	12461530	12461530	0.520	Background
Chr02	5884270	5884270	1.705	Background
Chr02	27347939	27347939	2.202	Background
Chr02	9209285	9209285	1.573	Background
Chr02	16156394	16156394	0.259	Background
Chr02	23168336	23168336	1.745	Background
Chr02	30392933	30392933	1.395	Background
Chr02	3736276	3736276	2.410	Background
Chr02	34000138	34000138	0.364	Background
Chr02	10583305	10583305	2.487	Background
Chr02	19647659	19647659	2.243	Background
Chr02	19257230	19257230	2.748	Background
Chr02	5378112	5378112	0.718	Background
Chr02	21773919	21773919	0.239	Background
Chr02	19703933	19703933	1.002	Background
Chr02	23397836	23397836	2.598	Background
Chr02	12610488	12610488	1.652	Background
Chr02	21320911	21320911	1.751	Background
Chr02	32091435	32091435	0.297	Background
Chr02	12181048	12181048	2.721	Background
Chr02	1282437	1282437	2.982	Background
Chr02	22519605	22519605	1.822	Background
Chr02	9342518	9342518	0.522	Background
Chr02	23049062	23049062	0.341	Background
Chr02	10933608	10933608	2.820	Background
Chr02	23536842	23536842	2.489	Background
Chr02	4676214	4676214	2.473	Background
Chr02	36000257	36000257	1.082	Background
Chr02	11575008	11575008	0.685	Background
Chr02	11907491	11907491	0.663	Background
Chr02	24894474	24894474	0.625	Background
Chr02	928244	928244	0.411	Background
Chr02	19048387	19048387	1.716	Background
Chr02	20624859	20624859	2.912	Background
Chr02	8801744	8801744	0.325	Background
Chr02	11452527	11452527	0.313	Background
Chr02	34671396	34671396	0.419	Background
Chr02	6407115	6407115	1.493	Background
Chr02	19198825	19198825	2.158	Background
Chr02	9720597	9720597	1.118	Background
Chr02	5014893	5014893	2.354	Background
Chr02	20386587	20386587	2.199	Background
Chr02	11565711	11565711	1.865	Background
Chr02	13537401	13537401	0.712	Background
Chr02	20474306	20474306	1.440	Background
Chr02	19876716	19876716	2.262	Background
Chr02	14737843	14737843	1.496	Background
Chr02	20865222	20865222	2.252	Background
Chr02	2045803	2045803	1.020	Background
Chr02	27876670	27876670	0.528	Background
Chr02	16143821	16143821	1.813	Background
Chr02	27859882	27859882	2.875	Background
Chr02	27879206	27879206	1.768	Background
Chr02	8972039	8972039	2.033	Background
Chr02	8833065	8833065	0.594	Background
Chr02	1803413	1803413	2.265	Background
Chr02	8065838	8065838	0.471	Background
Chr02	8333670	8333670	2.976	Background
Chr02	10037469	10037469	2.276	Background
Chr02	22496302	22496302	1.586	Background
Chr02	31293029	31293029	2.725	Background
Chr02	19928535	19928535	0.670	Background
Chr02	25631827	25631827	1.862	Background
Chr02	30905079	30905079	1.119	Background
Chr02	29249805	29249805	0.806	Background
Chr02	11690641	11690641	1.193	Background
Chr02	385752	385752	2.531	Background
Chr02	18883599	18883599	0.500	Background
Chr02	3895853	3895853	1.469	Background
Chr02	3808573	3808573	2.334	Background
Chr02	15470374	15470374	0.697	Background
Chr02	28786646	28786646	0.716	Background
Chr02	25075179	25075179	0.320	Background
Chr02	3208817	3208817	2.617	Background
Chr02	23723456	23723456	0.489	Background
Chr02	136735	136735	2.077	Background
Chr02	3289594	3289594	0.972	Background
Chr02	15646378	15646378	1.956	Background
Chr02	3821992	3821992	0.399	Background
Chr02	5970715	5970715	1.124	Background
Chr02	23484593	23484593	3.983	Suggestive
Chr02	22680704	22680704	4.126	Suggestive
Chr02	23287569	23287569	4.245	Suggestive
Chr02	22822919	22822919	3.678	Suggestive
Chr02	23443478	23443478	3.455	Suggestive
Chr02	23325681	23325681	4.380	Suggestive
Chr02	23276891	23276891	4.663	Suggestive
Chr02	23142341	23142341	5.099	Suggestive
Chr02	23088435	23088435	4.047	Suggestive
Chr02	22515136	22515136	3.942	Suggestive
Chr02	23549051	23549051	3.329	Suggestive
Chr02	22381981	22381981	4.773	Suggestive
Chr02	23318261	23318261	4.898	Suggestive
Chr02	22929904	22929904	4.337	Suggestive
Chr02	22962817	22962817	8.945	Genome_wide
Chr03	17107368	17107368	1.357	Background
Chr03	32887482	32887482	0.990	Background
Chr03	28740453	28740453	0.506	Background
Chr03	28937556	28937556	0.566	Background
Chr03	27666804	27666804	1.575	Background
Chr03	10189853	10189853	1.446	Background
Chr03	18509184	18509184	1.441	Background
Chr03	20236484	20236484	2.672	Background
Chr03	25942069	25942069	0.938	Background
Chr03	35041074	35041074	2.340	Background
Chr03	1539159	1539159	2.302	Background
Chr03	17157736	17157736	0.499	Background
Chr03	33036269	33036269	1.350	Background
Chr03	2883760	2883760	0.519	Background
Chr03	855699	855699	2.679	Background
Chr03	33225949	33225949	0.411	Background
Chr03	5977242	5977242	2.479	Background
Chr03	26333555	26333555	0.669	Background
Chr03	33527446	33527446	1.332	Background
Chr03	21087681	21087681	1.796	Background
Chr03	5367626	5367626	1.396	Background
Chr03	29392292	29392292	0.337	Background
Chr03	11705676	11705676	2.170	Background
Chr03	33800816	33800816	2.845	Background
Chr03	23667150	23667150	1.149	Background
Chr03	4688779	4688779	1.661	Background
Chr03	26872338	26872338	1.779	Background
Chr03	21058279	21058279	1.323	Background
Chr03	22072879	22072879	1.683	Background
Chr03	9976619	9976619	1.031	Background
Chr03	8874200	8874200	1.157	Background
Chr03	8414193	8414193	0.983	Background
Chr03	24942466	24942466	0.380	Background
Chr03	27498965	27498965	0.390	Background
Chr03	33190670	33190670	2.830	Background
Chr03	17537874	17537874	1.555	Background
Chr03	7227432	7227432	0.860	Background
Chr03	30906019	30906019	2.184	Background
Chr03	13006535	13006535	1.848	Background
Chr03	29467415	29467415	2.230	Background
Chr03	6847437	6847437	1.571	Background
Chr03	36582380	36582380	2.015	Background
Chr03	30618079	30618079	1.445	Background
Chr03	17777165	17777165	0.563	Background
Chr03	6747558	6747558	2.390	Background
Chr03	18104967	18104967	2.512	Background
Chr03	112300	112300	2.845	Background
Chr03	5709266	5709266	2.768	Background
Chr03	26531652	26531652	1.335	Background
Chr03	34908943	34908943	2.371	Background
Chr03	32503276	32503276	2.759	Background
Chr03	6249141	6249141	0.874	Background
Chr03	25463277	25463277	0.774	Background
Chr03	11292257	11292257	1.153	Background
Chr03	24409127	24409127	1.409	Background
Chr03	35647354	35647354	0.287	Background
Chr03	13264477	13264477	1.740	Background
Chr03	2231717	2231717	0.828	Background
Chr03	18884121	18884121	1.706	Background
Chr03	27008020	27008020	1.955	Background
Chr03	13528418	13528418	1.244	Background
Chr03	325981	325981	0.471	Background
Chr03	11207408	11207408	2.931	Background
Chr03	19473569	19473569	0.979	Background
Chr03	31688779	31688779	0.474	Background
Chr03	30710037	30710037	0.896	Background
Chr03	14050300	14050300	0.993	Background
Chr03	29242106	29242106	0.565	Background
Chr03	560839	560839	1.010	Background
Chr03	15214682	15214682	2.598	Background
Chr03	15314977	15314977	2.258	Background
Chr03	36749797	36749797	0.588	Background
Chr03	8283949	8283949	1.375	Background
Chr03	11562342	11562342	2.336	Background
Chr03	7048688	7048688	2.428	Background
Chr03	34243667	34243667	1.525	Background
Chr03	11256519	11256519	0.852	Background
Chr03	11207327	11207327	1.039	Background
Chr03	29394066	29394066	0.250	Background
Chr03	14456092	14456092	1.210	Background
Chr03	36753893	36753893	2.455	Background
Chr03	8333131	8333131	0.469	Background
Chr03	19736258	19736258	1.712	Background
Chr03	31971234	31971234	2.956	Background
Chr03	3969990	3969990	1.739	Background
Chr03	34722830	34722830	2.977	Background
Chr03	6849652	6849652	2.015	Background
Chr03	24347815	24347815	0.255	Background
Chr03	31210487	31210487	0.459	Background
Chr03	30713364	30713364	0.645	Background
Chr03	536648	536648	0.713	Background
Chr03	34527690	34527690	1.931	Background
Chr03	8303734	8303734	0.661	Background
Chr03	5832208	5832208	0.970	Background
Chr03	25179800	25179800	2.791	Background
Chr03	14723379	14723379	0.654	Background
Chr03	11167841	11167841	1.292	Background
Chr03	26599383	26599383	0.546	Background
Chr03	16804895	16804895	1.522	Background
Chr03	12628915	12628915	2.788	Background
Chr03	11300417	11300417	0.562	Background
Chr03	33153207	33153207	1.103	Background
Chr03	1469692	1469692	1.733	Background
Chr03	35049681	35049681	2.517	Background
Chr03	30317353	30317353	1.158	Background
Chr03	21827194	21827194	2.894	Background
Chr03	31257272	31257272	0.510	Background
Chr03	11486600	11486600	2.661	Background
Chr03	11380090	11380090	2.361	Background
Chr03	17171658	17171658	2.484	Background
Chr03	26657614	26657614	0.570	Background
Chr03	1646349	1646349	1.542	Background
Chr03	4601003	4601003	1.929	Background
Chr03	9769653	9769653	1.455	Background
Chr03	15870138	15870138	1.296	Background
Chr03	3880361	3880361	2.266	Background
Chr03	32715734	32715734	0.941	Background
Chr03	148320	148320	2.930	Background
Chr03	956072	956072	0.786	Background
Chr03	6776017	6776017	0.569	Background
Chr03	3649710	3649710	1.802	Background
Chr03	25132384	25132384	1.482	Background
Chr03	6604102	6604102	1.836	Background
Chr03	19942257	19942257	1.096	Background
Chr03	14290292	14290292	2.097	Background
Chr03	37325401	37325401	2.751	Background
Chr03	29755527	29755527	2.490	Background
Chr03	13642176	13642176	2.181	Background
Chr03	8206742	8206742	0.963	Background
Chr03	22835925	22835925	2.104	Background
Chr03	10859133	10859133	1.139	Background
Chr03	17929041	17929041	1.277	Background
Chr03	20827268	20827268	2.528	Background
Chr03	19093636	19093636	1.672	Background
Chr03	19294391	19294391	0.437	Background
Chr03	33141596	33141596	1.350	Background
Chr03	15502365	15502365	1.101	Background
Chr03	15019889	15019889	0.403	Background
Chr03	25515572	25515572	1.832	Background
Chr03	16805278	16805278	0.227	Background
Chr03	35339340	35339340	1.661	Background
Chr03	32730404	32730404	1.399	Background
Chr03	24922600	24922600	1.361	Background
Chr03	17572107	17572107	0.617	Background
Chr03	98696	98696	0.712	Background
Chr03	30956756	30956756	2.076	Background
Chr03	21366793	21366793	2.275	Background
Chr03	11012552	11012552	0.567	Background
Chr03	23586567	23586567	2.789	Background
Chr03	29073145	29073145	1.864	Background
Chr03	34341909	34341909	0.675	Background
Chr03	24843812	24843812	1.028	Background
Chr03	32472102	32472102	2.817	Background
Chr03	35011729	35011729	1.847	Background
Chr03	20898737	20898737	0.638	Background
Chr03	19948239	19948239	2.039	Background
Chr03	35087635	35087635	0.905	Background
Chr03	37237250	37237250	2.269	Background
Chr03	9351706	9351706	2.905	Background
Chr03	19294255	19294255	1.093	Background
Chr03	6752262	6752262	2.041	Background
Chr03	21934942	21934942	1.100	Background
Chr03	31722269	31722269	0.460	Background
Chr03	35628567	35628567	2.474	Background
Chr03	2477799	2477799	2.934	Background
Chr03	10642015	10642015	1.954	Background
Chr03	9181163	9181163	2.922	Background
Chr03	30955287	30955287	0.396	Background
Chr03	9183717	9183717	2.685	Background
Chr03	31923238	31923238	2.106	Background
Chr03	18713447	18713447	2.287	Background
Chr03	15359863	15359863	1.956	Background
Chr03	32354875	32354875	0.731	Background
Chr03	5154955	5154955	2.404	Background
Chr03	3439012	3439012	2.522	Background
Chr03	20672178	20672178	2.333	Background
Chr03	12030601	12030601	2.525	Background
Chr03	24238385	24238385	2.925	Background
Chr03	32466940	32466940	0.316	Background
Chr03	792059	792059	2.236	Background
