#Chr	Start	End	Gene_count
Chr01	1	100000	16
Chr01	100001	200000	14
Chr01	200001	300000	13
Chr01	300001	400000	16
Chr01	400001	500000	12
Chr01	500001	600000	17
Chr01	600001	700000	16
Chr01	700001	800000	25
Chr01	800001	900000	17
Chr01	900001	1000000	17
Chr01	1000001	1100000	12
Chr01	1100001	1200000	14
Chr01	1200001	1300000	11
Chr01	1300001	1400000	20
Chr01	1400001	1500000	11
Chr01	1500001	1600000	13
Chr01	1600001	1700000	7
Chr01	1700001	1800000	11
Chr01	1800001	1900000	11
Chr01	1900001	2000000	15
Chr01	2000001	2100000	15
Chr01	2100001	2200000	7
Chr01	2200001	2300000	11
Chr01	2300001	2400000	16
Chr01	2400001	2500000	9
Chr01	2500001	2600000	8
Chr01	2600001	2700000	12
Chr01	2700001	2800000	15
Chr01	2800001	2900000	21
Chr01	2900001	3000000	16
Chr01	3000001	3100000	22
Chr01	3100001	3200000	12
Chr01	3200001	3300000	14
Chr01	3300001	3400000	20
Chr01	3400001	3500000	17
Chr01	3500001	3600000	11
Chr01	3600001	3700000	18
Chr01	3700001	3800000	15
Chr01	3800001	3900000	14
Chr01	3900001	4000000	14
Chr01	4000001	4100000	8
Chr01	4100001	4200000	13
Chr01	4200001	4300000	12
Chr01	4300001	4400000	10
Chr01	4400001	4500000	17
Chr01	4500001	4600000	13
Chr01	4600001	4700000	9
Chr01	4700001	4800000	12
Chr01	4800001	4900000	14
Chr01	4900001	5000000	9
Chr01	5000001	5100000	11
Chr01	5100001	5200000	9
Chr01	5200001	5300000	13
Chr01	5300001	5400000	8
Chr01	5400001	5500000	10
Chr01	5500001	5600000	10
Chr01	5600001	5700000	9
Chr01	5700001	5800000	11
Chr01	5800001	5900000	16
Chr01	5900001	6000000	9
Chr01	6000001	6100000	13
Chr01	6100001	6200000	9
Chr01	6200001	6300000	11
Chr01	6300001	6400000	13
Chr01	6400001	6500000	10
Chr01	6500001	6600000	17
Chr01	6600001	6700000	11
Chr01	6700001	6800000	16
Chr01	6800001	6900000	9
Chr01	6900001	7000000	10
Chr01	7000001	7100000	14
Chr01	7100001	7200000	14
Chr01	7200001	7300000	12
Chr01	7300001	7400000	10
Chr01	7400001	7500000	18
Chr01	7500001	7600000	10
Chr01	7600001	7700000	16
Chr01	7700001	7800000	11
Chr01	7800001	7900000	12
Chr01	7900001	8000000	9
Chr01	8000001	8100000	10
Chr01	8100001	8200000	10
Chr01	8200001	8300000	16
Chr01	8300001	8400000	12
Chr01	8400001	8500000	13
Chr01	8500001	8600000	12
Chr01	8600001	8700000	7
Chr01	8700001	8800000	14
Chr01	8800001	8900000	11
Chr01	8900001	9000000	13
Chr01	9000001	9100000	12
Chr01	9100001	9200000	11
Chr01	9200001	9300000	11
Chr01	9300001	9400000	13
Chr01	9400001	9500000	9
Chr01	9500001	9600000	5
Chr01	9600001	9700000	19
Chr01	9700001	9800000	9
Chr01	9800001	9900000	10
Chr01	9900001	10000000	8
Chr01	10000001	10100000	8
Chr01	10100001	10200000	11
Chr01	10200001	10300000	10
Chr01	10300001	10400000	12
Chr01	10400001	10500000	4
Chr01	10500001	10600000	10
Chr01	10600001	10700000	6
Chr01	10700001	10800000	9
Chr01	10800001	10900000	9
Chr01	10900001	11000000	11
Chr01	11000001	11100000	13
Chr01	11100001	11200000	9
Chr01	11200001	11300000	10
Chr01	11300001	11400000	7
Chr01	11400001	11500000	5
Chr01	11500001	11600000	5
Chr01	11600001	11700000	8
Chr01	11700001	11800000	9
Chr01	11800001	11900000	8
Chr01	11900001	12000000	6
Chr01	12000001	12100000	6
Chr01	12100001	12200000	11
Chr01	12200001	12300000	3
Chr01	12300001	12400000	9
Chr01	12400001	12500000	6
Chr01	12500001	12600000	6
Chr01	12600001	12700000	12
Chr01	12700001	12800000	11
Chr01	12800001	12900000	5
Chr01	12900001	13000000	10
Chr01	13000001	13100000	3
Chr01	13100001	13200000	4
Chr01	13200001	13300000	9
Chr01	13300001	13400000	9
Chr01	13400001	13500000	6
Chr01	13500001	13600000	8
Chr01	13600001	13700000	4
Chr01	13700001	13800000	3
Chr01	13800001	13900000	11
Chr01	13900001	14000000	11
Chr01	14000001	14100000	8
Chr01	14100001	14200000	6
Chr01	14200001	14300000	8
Chr01	14300001	14400000	10
Chr01	14400001	14500000	6
Chr01	14500001	14600000	11
Chr01	14600001	14700000	10
Chr01	14700001	14800000	7
Chr01	14800001	14900000	11
Chr01	14900001	15000000	6
Chr01	15000001	15100000	6
Chr01	15100001	15200000	7
Chr01	15200001	15300000	8
Chr01	15300001	15400000	8
Chr01	15400001	15500000	12
Chr01	15500001	15600000	11
Chr01	15600001	15700000	7
Chr01	15700001	15800000	7
Chr01	15800001	15900000	6
Chr01	15900001	16000000	7
Chr01	16000001	16100000	11
Chr01	16100001	16200000	6
Chr01	16200001	16300000	6
Chr01	16300001	16400000	8
Chr01	16400001	16500000	5
Chr01	16500001	16600000	6
Chr01	16600001	16700000	3
Chr01	16700001	16800000	8
Chr01	16800001	16900000	0
Chr01	16900001	17000000	0
Chr01	17000001	17100000	1
Chr01	17100001	17200000	0
Chr01	17200001	17300000	4
Chr01	17300001	17400000	1
Chr01	17400001	17500000	2
Chr01	17500001	17600000	2
Chr01	17600001	17700000	5
Chr01	17700001	17800000	9
Chr01	17800001	17900000	7
Chr01	17900001	18000000	9
Chr01	18000001	18100000	9
Chr01	18100001	18200000	10
Chr01	18200001	18300000	4
Chr01	18300001	18400000	10
Chr01	18400001	18500000	7
Chr01	18500001	18600000	12
Chr01	18600001	18700000	9
Chr01	18700001	18800000	11
Chr01	18800001	18900000	4
Chr01	18900001	19000000	12
Chr01	19000001	19100000	7
Chr01	19100001	19200000	8
Chr01	19200001	19300000	6
Chr01	19300001	19400000	7
Chr01	19400001	19500000	8
Chr01	19500001	19600000	10
Chr01	19600001	19700000	12
Chr01	19700001	19800000	6
Chr01	19800001	19900000	8
Chr01	19900001	20000000	8
Chr01	20000001	20100000	8
Chr01	20100001	20200000	6
Chr01	20200001	20300000	8
Chr01	20300001	20400000	2
Chr01	20400001	20500000	9
Chr01	20500001	20600000	7
Chr01	20600001	20700000	6
Chr01	20700001	20800000	8
Chr01	20800001	20900000	13
Chr01	20900001	21000000	8
Chr01	21000001	21100000	7
Chr01	21100001	21200000	9
Chr01	21200001	21300000	8
Chr01	21300001	21400000	8
Chr01	21400001	21500000	2
Chr01	21500001	21600000	8
Chr01	21600001	21700000	13
Chr01	21700001	21800000	11
Chr01	21800001	21900000	3
Chr01	21900001	22000000	9
Chr01	22000001	22100000	4
Chr01	22100001	22200000	10
Chr01	22200001	22300000	11
Chr01	22300001	22400000	7
Chr01	22400001	22500000	8
Chr01	22500001	22600000	12
Chr01	22600001	22700000	10
Chr01	22700001	22800000	8
Chr01	22800001	22900000	2
Chr01	22900001	23000000	9
Chr01	23000001	23100000	12
Chr01	23100001	23200000	9
Chr01	23200001	23300000	11
Chr01	23300001	23400000	17
Chr01	23400001	23500000	10
Chr01	23500001	23600000	17
Chr01	23600001	23700000	10
Chr01	23700001	23800000	6
Chr01	23800001	23900000	12
Chr01	23900001	24000000	15
Chr01	24000001	24100000	9
Chr01	24100001	24200000	13
Chr01	24200001	24300000	8
Chr01	24300001	24400000	15
Chr01	24400001	24500000	17
Chr01	24500001	24600000	9
Chr01	24600001	24700000	8
Chr01	24700001	24800000	11
Chr01	24800001	24900000	10
Chr01	24900001	25000000	15
Chr01	25000001	25100000	10
Chr01	25100001	25200000	14
Chr01	25200001	25300000	9
Chr01	25300001	25400000	8
Chr01	25400001	25500000	12
Chr01	25500001	25600000	12
Chr01	25600001	25700000	12
Chr01	25700001	25800000	11
Chr01	25800001	25900000	8
Chr01	25900001	26000000	13
Chr01	26000001	26100000	12
Chr01	26100001	26200000	11
Chr01	26200001	26300000	6
Chr01	26300001	26400000	11
Chr01	26400001	26500000	6
Chr01	26500001	26600000	9
Chr01	26600001	26700000	12
Chr01	26700001	26800000	8
Chr01	26800001	26900000	13
Chr01	26900001	27000000	10
Chr01	27000001	27100000	5
Chr01	27100001	27200000	10
Chr01	27200001	27300000	7
Chr01	27300001	27400000	12
Chr01	27400001	27500000	7
Chr01	27500001	27600000	8
Chr01	27600001	27700000	13
Chr01	27700001	27800000	9
Chr01	27800001	27900000	17
Chr01	27900001	28000000	13
Chr01	28000001	28100000	7
Chr01	28100001	28200000	8
Chr01	28200001	28300000	10
Chr01	28300001	28400000	11
Chr01	28400001	28500000	11
Chr01	28500001	28600000	11
Chr01	28600001	28700000	11
Chr01	28700001	28800000	11
Chr01	28800001	28900000	14
Chr01	28900001	29000000	13
Chr01	29000001	29100000	11
Chr01	29100001	29200000	18
Chr01	29200001	29300000	8
Chr01	29300001	29400000	13
Chr01	29400001	29500000	12
Chr01	29500001	29600000	12
Chr01	29600001	29700000	8
Chr01	29700001	29800000	13
Chr01	29800001	29900000	16
Chr01	29900001	30000000	12
Chr01	30000001	30100000	14
Chr01	30100001	30200000	16
Chr01	30200001	30300000	7
Chr01	30300001	30400000	14
Chr01	30400001	30500000	8
Chr01	30500001	30600000	10
Chr01	30600001	30700000	23
Chr01	30700001	30800000	15
Chr01	30800001	30900000	11
Chr01	30900001	31000000	17
Chr01	31000001	31100000	13
Chr01	31100001	31200000	13
Chr01	31200001	31300000	12
Chr01	31300001	31400000	16
Chr01	31400001	31500000	13
Chr01	31500001	31600000	11
Chr01	31600001	31700000	12
Chr01	31700001	31800000	9
Chr01	31800001	31900000	11
Chr01	31900001	32000000	18
Chr01	32000001	32100000	8
Chr01	32100001	32200000	15
Chr01	32200001	32300000	15
Chr01	32300001	32400000	12
Chr01	32400001	32500000	13
Chr01	32500001	32600000	11
Chr01	32600001	32700000	19
Chr01	32700001	32800000	12
Chr01	32800001	32900000	12
Chr01	32900001	33000000	15
Chr01	33000001	33100000	10
Chr01	33100001	33200000	12
Chr01	33200001	33300000	14
Chr01	33300001	33400000	13
Chr01	33400001	33500000	12
Chr01	33500001	33600000	10
Chr01	33600001	33700000	9
Chr01	33700001	33800000	12
Chr01	33800001	33900000	14
Chr01	33900001	34000000	11
Chr01	34000001	34100000	13
Chr01	34100001	34200000	10
Chr01	34200001	34300000	18
Chr01	34300001	34400000	9
Chr01	34400001	34500000	13
Chr01	34500001	34600000	15
Chr01	34600001	34700000	8
Chr01	34700001	34800000	17
Chr01	34800001	34900000	10
Chr01	34900001	35000000	8
Chr01	35000001	35100000	16
Chr01	35100001	35200000	14
Chr01	35200001	35300000	19
Chr01	35300001	35400000	9
Chr01	35400001	35500000	12
Chr01	35500001	35600000	13
Chr01	35600001	35700000	10
Chr01	35700001	35800000	12
Chr01	35800001	35900000	14
Chr01	35900001	36000000	12
Chr01	36000001	36100000	13
Chr01	36100001	36200000	17
Chr01	36200001	36300000	13
Chr01	36300001	36400000	14
Chr01	36400001	36500000	11
Chr01	36500001	36600000	17
Chr01	36600001	36700000	14
Chr01	36700001	36800000	13
Chr01	36800001	36900000	12
Chr01	36900001	37000000	11
Chr01	37000001	37100000	13
Chr01	37100001	37200000	11
Chr01	37200001	37300000	13
Chr01	37300001	37400000	13
Chr01	37400001	37500000	7
Chr01	37500001	37600000	6
Chr01	37600001	37700000	11
Chr01	37700001	37800000	10
Chr01	37800001	37900000	11
Chr01	37900001	38000000	16
Chr01	38000001	38100000	13
Chr01	38100001	38200000	14
Chr01	38200001	38300000	14
Chr01	38300001	38400000	15
Chr01	38400001	38500000	16
Chr01	38500001	38600000	12
Chr01	38600001	38700000	15
Chr01	38700001	38800000	16
Chr01	38800001	38900000	13
Chr01	38900001	39000000	14
Chr01	39000001	39100000	14
Chr01	39100001	39200000	18
Chr01	39200001	39300000	11
Chr01	39300001	39400000	17
Chr01	39400001	39500000	16
Chr01	39500001	39600000	15
Chr01	39600001	39700000	15
Chr01	39700001	39800000	10
Chr01	39800001	39900000	11
Chr01	39900001	40000000	15
Chr01	40000001	40100000	12
Chr01	40100001	40200000	11
Chr01	40200001	40300000	13
Chr01	40300001	40400000	14
Chr01	40400001	40500000	20
Chr01	40500001	40600000	15
Chr01	40600001	40700000	11
Chr01	40700001	40800000	15
Chr01	40800001	40900000	17
Chr01	40900001	41000000	8
Chr01	41000001	41100000	11
Chr01	41100001	41200000	10
Chr01	41200001	41300000	16
Chr01	41300001	41400000	13
Chr01	41400001	41500000	18
Chr01	41500001	41600000	19
Chr01	41600001	41700000	18
Chr01	41700001	41800000	23
Chr01	41800001	41900000	18
Chr01	41900001	42000000	5
Chr01	42000001	42100000	14
Chr01	42100001	42200000	14
Chr01	42200001	42300000	15
Chr01	42300001	42400000	11
Chr01	42400001	42500000	10
Chr01	42500001	42600000	16
Chr01	42600001	42700000	14
Chr01	42700001	42800000	10
Chr01	42800001	42900000	14
Chr01	42900001	43000000	16
Chr01	43000001	43100000	21
Chr01	43100001	43200000	10
Chr01	43200001	43300000	21
Chr01	43300001	43400000	19
Chr01	43400001	43500000	12
Chr01	43500001	43600000	12
Chr01	43600001	43700000	12
Chr01	43700001	43800000	18
Chr01	43800001	43900000	17
Chr01	43900001	43929697	0
Chr02	1	100000	14
Chr02	100001	200000	20
Chr02	200001	300000	9
Chr02	300001	400000	11
Chr02	400001	500000	17
Chr02	500001	600000	14
Chr02	600001	700000	16
Chr02	700001	800000	22
Chr02	800001	900000	14
Chr02	900001	1000000	16
Chr02	1000001	1100000	21
Chr02	1100001	1200000	17
Chr02	1200001	1300000	15
Chr02	1300001	1400000	17
Chr02	1400001	1500000	20
Chr02	1500001	1600000	14
Chr02	1600001	1700000	17
Chr02	1700001	1800000	12
Chr02	1800001	1900000	15
Chr02	1900001	2000000	15
Chr02	2000001	2100000	15
Chr02	2100001	2200000	14
Chr02	2200001	2300000	9
Chr02	2300001	2400000	8
Chr02	2400001	2500000	9
Chr02	2500001	2600000	12
Chr02	2600001	2700000	13
Chr02	2700001	2800000	13
Chr02	2800001	2900000	13
Chr02	2900001	3000000	15
Chr02	3000001	3100000	13
Chr02	3100001	3200000	18
Chr02	3200001	3300000	19
Chr02	3300001	3400000	12
Chr02	3400001	3500000	16
Chr02	3500001	3600000	11
Chr02	3600001	3700000	14
Chr02	3700001	3800000	13
Chr02	3800001	3900000	11
Chr02	3900001	4000000	3
Chr02	4000001	4100000	15
Chr02	4100001	4200000	16
Chr02	4200001	4300000	8
Chr02	4300001	4400000	15
Chr02	4400001	4500000	12
Chr02	4500001	4600000	9
Chr02	4600001	4700000	16
Chr02	4700001	4800000	12
Chr02	4800001	4900000	18
Chr02	4900001	5000000	16
Chr02	5000001	5100000	14
Chr02	5100001	5200000	10
Chr02	5200001	5300000	16
Chr02	5300001	5400000	9
Chr02	5400001	5500000	13
Chr02	5500001	5600000	19
Chr02	5600001	5700000	13
Chr02	5700001	5800000	12
Chr02	5800001	5900000	8
Chr02	5900001	6000000	8
Chr02	6000001	6100000	11
Chr02	6100001	6200000	8
Chr02	6200001	6300000	18
Chr02	6300001	6400000	5
Chr02	6400001	6500000	15
Chr02	6500001	6600000	15
Chr02	6600001	6700000	16
Chr02	6700001	6800000	13
Chr02	6800001	6900000	12
Chr02	6900001	7000000	3
Chr02	7000001	7100000	12
Chr02	7100001	7200000	14
Chr02	7200001	7300000	8
Chr02	7300001	7400000	11
Chr02	7400001	7500000	5
Chr02	7500001	7600000	8
Chr02	7600001	7700000	9
Chr02	7700001	7800000	10
Chr02	7800001	7900000	9
Chr02	7900001	8000000	6
Chr02	8000001	8100000	10
Chr02	8100001	8200000	7
Chr02	8200001	8300000	14
Chr02	8300001	8400000	8
Chr02	8400001	8500000	17
Chr02	8500001	8600000	11
Chr02	8600001	8700000	10
Chr02	8700001	8800000	14
Chr02	8800001	8900000	11
Chr02	8900001	9000000	6
Chr02	9000001	9100000	7
Chr02	9100001	9200000	8
Chr02	9200001	9300000	4
Chr02	9300001	9400000	3
Chr02	9400001	9500000	8
Chr02	9500001	9600000	14
Chr02	9600001	9700000	9
Chr02	9700001	9800000	2
Chr02	9800001	9900000	5
Chr02	9900001	10000000	14
Chr02	10000001	10100000	8
Chr02	10100001	10200000	9
Chr02	10200001	10300000	6
Chr02	10300001	10400000	11
Chr02	10400001	10500000	6
Chr02	10500001	10600000	8
Chr02	10600001	10700000	3
Chr02	10700001	10800000	10
Chr02	10800001	10900000	13
Chr02	10900001	11000000	7
Chr02	11000001	11100000	9
Chr02	11100001	11200000	10
Chr02	11200001	11300000	8
Chr02	11300001	11400000	9
Chr02	11400001	11500000	9
Chr02	11500001	11600000	8
Chr02	11600001	11700000	7
Chr02	11700001	11800000	9
Chr02	11800001	11900000	6
Chr02	11900001	12000000	6
Chr02	12000001	12100000	10
Chr02	12100001	12200000	9
Chr02	12200001	12300000	4
Chr02	12300001	12400000	7
Chr02	12400001	12500000	9
Chr02	12500001	12600000	3
Chr02	12600001	12700000	13
Chr02	12700001	12800000	6
Chr02	12800001	12900000	10
Chr02	12900001	13000000	5
Chr02	13000001	13100000	9
Chr02	13100001	13200000	9
Chr02	13200001	13300000	5
Chr02	13300001	13400000	6
Chr02	13400001	13500000	4
Chr02	13500001	13600000	5
Chr02	13600001	13700000	2
Chr02	13700001	13800000	0
Chr02	13800001	13900000	0
Chr02	13900001	14000000	0
Chr02	14000001	14100000	0
Chr02	14100001	14200000	2
Chr02	14200001	14300000	8
Chr02	14300001	14400000	8
Chr02	14400001	14500000	8
Chr02	14500001	14600000	8
Chr02	14600001	14700000	5
Chr02	14700001	14800000	5
Chr02	14800001	14900000	9
Chr02	14900001	15000000	2
Chr02	15000001	15100000	3
Chr02	15100001	15200000	3
Chr02	15200001	15300000	3
Chr02	15300001	15400000	4
Chr02	15400001	15500000	11
Chr02	15500001	15600000	7
Chr02	15600001	15700000	11
Chr02	15700001	15800000	3
Chr02	15800001	15900000	8
Chr02	15900001	16000000	13
Chr02	16000001	16100000	13
Chr02	16100001	16200000	15
Chr02	16200001	16300000	8
Chr02	16300001	16400000	8
Chr02	16400001	16500000	6
Chr02	16500001	16600000	5
Chr02	16600001	16700000	4
Chr02	16700001	16800000	4
Chr02	16800001	16900000	9
Chr02	16900001	17000000	13
Chr02	17000001	17100000	4
Chr02	17100001	17200000	10
Chr02	17200001	17300000	6
Chr02	17300001	17400000	5
Chr02	17400001	17500000	7
Chr02	17500001	17600000	6
Chr02	17600001	17700000	11
Chr02	17700001	17800000	8
Chr02	17800001	17900000	6
Chr02	17900001	18000000	9
Chr02	18000001	18100000	8
Chr02	18100001	18200000	7
Chr02	18200001	18300000	8
Chr02	18300001	18400000	10
Chr02	18400001	18500000	7
Chr02	18500001	18600000	8
Chr02	18600001	18700000	12
Chr02	18700001	18800000	9
Chr02	18800001	18900000	5
Chr02	18900001	19000000	5
Chr02	19000001	19100000	10
Chr02	19100001	19200000	7
Chr02	19200001	19300000	8
Chr02	19300001	19400000	9
Chr02	19400001	19500000	10
Chr02	19500001	19600000	10
Chr02	19600001	19700000	9
Chr02	19700001	19800000	8
Chr02	19800001	19900000	10
Chr02	19900001	20000000	12
Chr02	20000001	20100000	6
Chr02	20100001	20200000	13
Chr02	20200001	20300000	10
Chr02	20300001	20400000	10
Chr02	20400001	20500000	8
Chr02	20500001	20600000	6
Chr02	20600001	20700000	13
Chr02	20700001	20800000	2
Chr02	20800001	20900000	1
Chr02	20900001	21000000	5
Chr02	21000001	21100000	9
Chr02	21100001	21200000	13
Chr02	21200001	21300000	11
Chr02	21300001	21400000	14
Chr02	21400001	21500000	13
Chr02	21500001	21600000	17
Chr02	21600001	21700000	10
Chr02	21700001	21800000	17
Chr02	21800001	21900000	10
Chr02	21900001	22000000	12
Chr02	22000001	22100000	12
Chr02	22100001	22200000	8
Chr02	22200001	22300000	6
Chr02	22300001	22400000	7
Chr02	22400001	22500000	11
Chr02	22500001	22600000	11
Chr02	22600001	22700000	12
Chr02	22700001	22800000	9
Chr02	22800001	22900000	15
Chr02	22900001	23000000	11
Chr02	23000001	23100000	13
Chr02	23100001	23200000	9
Chr02	23200001	23300000	8
Chr02	23300001	23400000	11
Chr02	23400001	23500000	14
Chr02	23500001	23600000	12
Chr02	23600001	23700000	10
Chr02	23700001	23800000	11
Chr02	23800001	23900000	9
Chr02	23900001	24000000	14
Chr02	24000001	24100000	18
Chr02	24100001	24200000	17
Chr02	24200001	24300000	16
Chr02	24300001	24400000	16
Chr02	24400001	24500000	10
Chr02	24500001	24600000	13
Chr02	24600001	24700000	9
Chr02	24700001	24800000	11
Chr02	24800001	24900000	11
Chr02	24900001	25000000	6
Chr02	25000001	25100000	13
Chr02	25100001	25200000	8
Chr02	25200001	25300000	12
Chr02	25300001	25400000	8
Chr02	25400001	25500000	9
Chr02	25500001	25600000	5
Chr02	25600001	25700000	15
Chr02	25700001	25800000	6
Chr02	25800001	25900000	15
Chr02	25900001	26000000	19
Chr02	26000001	26100000	16
Chr02	26100001	26200000	12
Chr02	26200001	26300000	14
Chr02	26300001	26400000	12
Chr02	26400001	26500000	8
Chr02	26500001	26600000	9
Chr02	26600001	26700000	9
Chr02	26700001	26800000	20
Chr02	26800001	26900000	17
Chr02	26900001	27000000	12
Chr02	27000001	27100000	10
Chr02	27100001	27200000	12
Chr02	27200001	27300000	10
Chr02	27300001	27400000	8
Chr02	27400001	27500000	11
Chr02	27500001	27600000	16
Chr02	27600001	27700000	14
Chr02	27700001	27800000	16
Chr02	27800001	27900000	11
Chr02	27900001	28000000	8
Chr02	28000001	28100000	7
Chr02	28100001	28200000	9
Chr02	28200001	28300000	13
Chr02	28300001	28400000	7
Chr02	28400001	28500000	12
Chr02	28500001	28600000	9
Chr02	28600001	28700000	8
Chr02	28700001	28800000	11
Chr02	28800001	28900000	8
Chr02	28900001	29000000	9
Chr02	29000001	29100000	14
Chr02	29100001	29200000	13
Chr02	29200001	29300000	15
Chr02	29300001	29400000	7
Chr02	29400001	29500000	10
Chr02	29500001	29600000	13
Chr02	29600001	29700000	8
Chr02	29700001	29800000	12
Chr02	29800001	29900000	9
Chr02	29900001	30000000	14
Chr02	30000001	30100000	12
Chr02	30100001	30200000	11
Chr02	30200001	30300000	13
Chr02	30300001	30400000	14
Chr02	30400001	30500000	15
Chr02	30500001	30600000	11
Chr02	30600001	30700000	14
Chr02	30700001	30800000	18
Chr02	30800001	30900000	20
Chr02	30900001	31000000	14
Chr02	31000001	31100000	17
Chr02	31100001	31200000	12
Chr02	31200001	31300000	9
Chr02	31300001	31400000	9
Chr02	31400001	31500000	12
Chr02	31500001	31600000	9
Chr02	31600001	31700000	12
Chr02	31700001	31800000	16
Chr02	31800001	31900000	4
Chr02	31900001	32000000	13
Chr02	32000001	32100000	17
Chr02	32100001	32200000	12
Chr02	32200001	32300000	14
Chr02	32300001	32400000	8
Chr02	32400001	32500000	14
Chr02	32500001	32600000	17
Chr02	32600001	32700000	13
Chr02	32700001	32800000	14
Chr02	32800001	32900000	16
Chr02	32900001	33000000	13
Chr02	33000001	33100000	12
Chr02	33100001	33200000	14
Chr02	33200001	33300000	9
Chr02	33300001	33400000	7
Chr02	33400001	33500000	15
Chr02	33500001	33600000	12
Chr02	33600001	33700000	13
Chr02	33700001	33800000	10
Chr02	33800001	33900000	15
Chr02	33900001	34000000	17
Chr02	34000001	34100000	11
Chr02	34100001	34200000	14
Chr02	34200001	34300000	15
Chr02	34300001	34400000	13
Chr02	34400001	34500000	16
Chr02	34500001	34600000	14
Chr02	34600001	34700000	13
Chr02	34700001	34800000	18
Chr02	34800001	34900000	16
Chr02	34900001	35000000	11
Chr02	35000001	35100000	10
Chr02	35100001	35200000	12
Chr02	35200001	35300000	12
Chr02	35300001	35400000	14
Chr02	35400001	35500000	23
Chr02	35500001	35600000	14
Chr02	35600001	35700000	14
Chr02	35700001	35800000	25
Chr02	35800001	35900000	16
Chr02	35900001	36000000	20
Chr02	36000001	36100000	19
Chr02	36100001	36200000	18
Chr02	36200001	36300000	16
Chr02	36300001	36400000	16
Chr02	36400001	36447916	1
Chr03	1	100000	11
Chr03	100001	200000	18
Chr03	200001	300000	9
Chr03	300001	400000	19
Chr03	400001	500000	15
Chr03	500001	600000	17
Chr03	600001	700000	14
Chr03	700001	800000	13
Chr03	800001	900000	16
Chr03	900001	1000000	15
Chr03	1000001	1100000	16
Chr03	1100001	1200000	14
Chr03	1200001	1300000	11
Chr03	1300001	1400000	6
Chr03	1400001	1500000	17
Chr03	1500001	1600000	17
Chr03	1600001	1700000	16
Chr03	1700001	1800000	16
Chr03	1800001	1900000	17
Chr03	1900001	2000000	16
Chr03	2000001	2100000	14
Chr03	2100001	2200000	14
Chr03	2200001	2300000	10
Chr03	2300001	2400000	9
Chr03	2400001	2500000	13
Chr03	2500001	2600000	15
Chr03	2600001	2700000	11
Chr03	2700001	2800000	12
Chr03	2800001	2900000	16
Chr03	2900001	3000000	16
Chr03	3000001	3100000	13
Chr03	3100001	3200000	17
Chr03	3200001	3300000	14
Chr03	3300001	3400000	10
Chr03	3400001	3500000	15
Chr03	3500001	3600000	11
Chr03	3600001	3700000	16
Chr03	3700001	3800000	22
Chr03	3800001	3900000	12
Chr03	3900001	4000000	11
Chr03	4000001	4100000	13
Chr03	4100001	4200000	18
Chr03	4200001	4300000	15
Chr03	4300001	4400000	14
Chr03	4400001	4500000	15
Chr03	4500001	4600000	15
Chr03	4600001	4700000	12
Chr03	4700001	4800000	15
Chr03	4800001	4900000	14
Chr03	4900001	5000000	14
Chr03	5000001	5100000	9
Chr03	5100001	5200000	10
Chr03	5200001	5300000	12
Chr03	5300001	5400000	18
Chr03	5400001	5500000	10
Chr03	5500001	5600000	13
Chr03	5600001	5700000	16
Chr03	5700001	5800000	14
Chr03	5800001	5900000	17
Chr03	5900001	6000000	12
Chr03	6000001	6100000	11
Chr03	6100001	6200000	14
Chr03	6200001	6300000	13
Chr03	6300001	6400000	15
Chr03	6400001	6500000	20
Chr03	6500001	6600000	13
Chr03	6600001	6700000	14
Chr03	6700001	6800000	8
Chr03	6800001	6900000	9
Chr03	6900001	7000000	7
Chr03	7000001	7100000	10
Chr03	7100001	7200000	23
Chr03	7200001	7300000	11
Chr03	7300001	7400000	12
Chr03	7400001	7500000	11
Chr03	7500001	7600000	13
Chr03	7600001	7700000	13
Chr03	7700001	7800000	13
Chr03	7800001	7900000	16
Chr03	7900001	8000000	15
Chr03	8000001	8100000	11
Chr03	8100001	8200000	8
Chr03	8200001	8300000	11
Chr03	8300001	8400000	10
Chr03	8400001	8500000	14
Chr03	8500001	8600000	8
Chr03	8600001	8700000	10
Chr03	8700001	8800000	15
Chr03	8800001	8900000	20
Chr03	8900001	9000000	13
Chr03	9000001	9100000	9
Chr03	9100001	9200000	15
Chr03	9200001	9300000	8
Chr03	9300001	9400000	9
Chr03	9400001	9500000	15
Chr03	9500001	9600000	16
Chr03	9600001	9700000	15
Chr03	9700001	9800000	15
Chr03	9800001	9900000	12
Chr03	9900001	10000000	14
Chr03	10000001	10100000	16
Chr03	10100001	10200000	9
Chr03	10200001	10300000	13
Chr03	10300001	10400000	15
Chr03	10400001	10500000	18
Chr03	10500001	10600000	12
Chr03	10600001	10700000	18
Chr03	10700001	10800000	13
Chr03	10800001	10900000	10
Chr03	10900001	11000000	15
Chr03	11000001	11100000	14
Chr03	11100001	11200000	15
Chr03	11200001	11300000	12
Chr03	11300001	11400000	8
Chr03	11400001	11500000	9
Chr03	11500001	11600000	12
Chr03	11600001	11700000	10
Chr03	11700001	11800000	15
Chr03	11800001	11900000	12
Chr03	11900001	12000000	9
Chr03	12000001	12100000	11
Chr03	12100001	12200000	6
Chr03	12200001	12300000	12
Chr03	12300001	12400000	20
Chr03	12400001	12500000	12
Chr03	12500001	12600000	15
Chr03	12600001	12700000	13
Chr03	12700001	12800000	13
Chr03	12800001	12900000	16
Chr03	12900001	13000000	9
Chr03	13000001	13100000	9
Chr03	13100001	13200000	10
Chr03	13200001	13300000	12
Chr03	13300001	13400000	9
Chr03	13400001	13500000	0
Chr03	13500001	13600000	2
Chr03	13600001	13700000	0
Chr03	13700001	13800000	2
Chr03	13800001	13900000	7
Chr03	13900001	14000000	10
Chr03	14000001	14100000	12
Chr03	14100001	14200000	6
Chr03	14200001	14300000	6
Chr03	14300001	14400000	13
Chr03	14400001	14500000	8
Chr03	14500001	14600000	12
Chr03	14600001	14700000	11
Chr03	14700001	14800000	14
Chr03	14800001	14900000	13
Chr03	14900001	15000000	8
Chr03	15000001	15100000	15
Chr03	15100001	15200000	7
Chr03	15200001	15300000	15
Chr03	15300001	15400000	14
Chr03	15400001	15500000	9
Chr03	15500001	15600000	8
Chr03	15600001	15700000	5
Chr03	15700001	15800000	7
Chr03	15800001	15900000	10
Chr03	15900001	16000000	9
Chr03	16000001	16100000	10
Chr03	16100001	16200000	9
Chr03	16200001	16300000	5
Chr03	16300001	16400000	9
Chr03	16400001	16500000	9
Chr03	16500001	16600000	11
Chr03	16600001	16700000	7
Chr03	16700001	16800000	7
Chr03	16800001	16900000	5
Chr03	16900001	17000000	2
Chr03	17000001	17100000	8
Chr03	17100001	17200000	7
Chr03	17200001	17300000	11
Chr03	17300001	17400000	11
Chr03	17400001	17500000	9
Chr03	17500001	17600000	8
Chr03	17600001	17700000	7
Chr03	17700001	17800000	6
Chr03	17800001	17900000	8
Chr03	17900001	18000000	4
Chr03	18000001	18100000	14
Chr03	18100001	18200000	13
Chr03	18200001	18300000	11
Chr03	18300001	18400000	9
Chr03	18400001	18500000	6
Chr03	18500001	18600000	8
Chr03	18600001	18700000	7
Chr03	18700001	18800000	3
Chr03	18800001	18900000	9
Chr03	18900001	19000000	7
Chr03	19000001	19100000	8
Chr03	19100001	19200000	6
Chr03	19200001	19300000	4
Chr03	19300001	19400000	4
Chr03	19400001	19500000	3
Chr03	19500001	19600000	3
Chr03	19600001	19700000	4
Chr03	19700001	19800000	1
Chr03	19800001	19900000	1
Chr03	19900001	20000000	6
Chr03	20000001	20100000	3
Chr03	20100001	20200000	0
Chr03	20200001	20300000	0
Chr03	20300001	20400000	0
Chr03	20400001	20500000	2
Chr03	20500001	20600000	5
Chr03	20600001	20700000	0
Chr03	20700001	20800000	9
Chr03	20800001	20900000	3
Chr03	20900001	21000000	5
Chr03	21000001	21100000	6
Chr03	21100001	21200000	6
Chr03	21200001	21300000	7
Chr03	21300001	21400000	12
Chr03	21400001	21500000	7
Chr03	21500001	21600000	7
Chr03	21600001	21700000	5
Chr03	21700001	21800000	5
Chr03	21800001	21900000	7
Chr03	21900001	22000000	16
Chr03	22000001	22100000	8
Chr03	22100001	22200000	8
Chr03	22200001	22300000	13
Chr03	22300001	22400000	14
Chr03	22400001	22500000	6
Chr03	22500001	22600000	11
Chr03	22600001	22700000	5
Chr03	22700001	22800000	5
Chr03	22800001	22900000	7
Chr03	22900001	23000000	8
Chr03	23000001	23100000	14
Chr03	23100001	23200000	12
Chr03	23200001	23300000	8
Chr03	23300001	23400000	6
Chr03	23400001	23500000	9
Chr03	23500001	23600000	11
Chr03	23600001	23700000	7
Chr03	23700001	23800000	9
Chr03	23800001	23900000	6
Chr03	23900001	24000000	12
Chr03	24000001	24100000	5
Chr03	24100001	24200000	2
Chr03	24200001	24300000	7
Chr03	24300001	24400000	9
Chr03	24400001	24500000	20
Chr03	24500001	24600000	6
Chr03	24600001	24700000	9
Chr03	24700001	24800000	8
Chr03	24800001	24900000	5
Chr03	24900001	25000000	6
Chr03	25000001	25100000	9
Chr03	25100001	25200000	4
Chr03	25200001	25300000	6
Chr03	25300001	25400000	9
Chr03	25400001	25500000	10
Chr03	25500001	25600000	6
Chr03	25600001	25700000	13
Chr03	25700001	25800000	8
Chr03	25800001	25900000	7
Chr03	25900001	26000000	11
Chr03	26000001	26100000	8
Chr03	26100001	26200000	11
Chr03	26200001	26300000	6
Chr03	26300001	26400000	6
Chr03	26400001	26500000	15
Chr03	26500001	26600000	4
Chr03	26600001	26700000	5
Chr03	26700001	26800000	9
Chr03	26800001	26900000	11
Chr03	26900001	27000000	13
Chr03	27000001	27100000	10
Chr03	27100001	27200000	16
Chr03	27200001	27300000	9
Chr03	27300001	27400000	16
Chr03	27400001	27500000	11
Chr03	27500001	27600000	9
Chr03	27600001	27700000	11
Chr03	27700001	27800000	8
Chr03	27800001	27900000	8
Chr03	27900001	28000000	9
Chr03	28000001	28100000	10
Chr03	28100001	28200000	14
Chr03	28200001	28300000	15
Chr03	28300001	28400000	12
Chr03	28400001	28500000	6
Chr03	28500001	28600000	11
Chr03	28600001	28700000	13
Chr03	28700001	28800000	10
Chr03	28800001	28900000	11
Chr03	28900001	29000000	16
Chr03	29000001	29100000	18
Chr03	29100001	29200000	14
Chr03	29200001	29300000	5
Chr03	29300001	29400000	6
Chr03	29400001	29500000	15
Chr03	29500001	29600000	12
Chr03	29600001	29700000	13
Chr03	29700001	29800000	11
Chr03	29800001	29900000	8
Chr03	29900001	30000000	11
Chr03	30000001	30100000	12
Chr03	30100001	30200000	12
Chr03	30200001	30300000	6
Chr03	30300001	30400000	13
Chr03	30400001	30500000	10
Chr03	30500001	30600000	5
Chr03	30600001	30700000	12
Chr03	30700001	30800000	10
Chr03	30800001	30900000	11
Chr03	30900001	31000000	19
Chr03	31000001	31100000	15
Chr03	31100001	31200000	10
Chr03	31200001	31300000	11
Chr03	31300001	31400000	13
Chr03	31400001	31500000	11
Chr03	31500001	31600000	11
Chr03	31600001	31700000	19
Chr03	31700001	31800000	12
Chr03	31800001	31900000	15
Chr03	31900001	32000000	12
Chr03	32000001	32100000	8
Chr03	32100001	32200000	63
Chr03	32200001	32300000	10
Chr03	32300001	32400000	13
Chr03	32400001	32500000	17
Chr03	32500001	32600000	12
Chr03	32600001	32700000	12
Chr03	32700001	32800000	17
Chr03	32800001	32900000	13
Chr03	32900001	33000000	11
Chr03	33000001	33100000	15
Chr03	33100001	33200000	17
Chr03	33200001	33300000	11
Chr03	33300001	33400000	24
Chr03	33400001	33500000	9
Chr03	33500001	33600000	17
Chr03	33600001	33700000	12
Chr03	33700001	33800000	14
Chr03	33800001	33900000	13
Chr03	33900001	34000000	16
Chr03	34000001	34100000	19
Chr03	34100001	34200000	11
Chr03	34200001	34300000	16
Chr03	34300001	34400000	17
Chr03	34400001	34500000	22
Chr03	34500001	34600000	14
Chr03	34600001	34700000	17
Chr03	34700001	34800000	16
Chr03	34800001	34900000	13
Chr03	34900001	35000000	15
Chr03	35000001	35100000	10
Chr03	35100001	35200000	12
Chr03	35200001	35300000	15
Chr03	35300001	35400000	18
Chr03	35400001	35500000	17
Chr03	35500001	35600000	19
Chr03	35600001	35700000	21
Chr03	35700001	35800000	17
Chr03	35800001	35900000	18
Chr03	35900001	36000000	17
Chr03	36000001	36100000	20
Chr03	36100001	36200000	17
Chr03	36200001	36300000	11
Chr03	36300001	36400000	17
Chr03	36400001	36500000	24
Chr03	36500001	36600000	14
Chr03	36600001	36700000	10
Chr03	36700001	36800000	17
Chr03	36800001	36900000	23
Chr03	36900001	37000000	13
Chr03	37000001	37100000	9
Chr03	37100001	37200000	12
Chr03	37200001	37300000	18
Chr03	37300001	37399924	12
Chr04	1	100000	2
Chr04	100001	200000	8
Chr04	200001	300000	9
Chr04	300001	400000	12
Chr04	400001	500000	8
Chr04	500001	600000	11
Chr04	600001	700000	12
Chr04	700001	800000	4
Chr04	800001	900000	8
Chr04	900001	1000000	10
Chr04	1000001	1100000	12
Chr04	1100001	1200000	13
Chr04	1200001	1300000	10
Chr04	1300001	1400000	4
Chr04	1400001	1500000	5
Chr04	1500001	1600000	6
Chr04	1600001	1700000	5
Chr04	1700001	1800000	5
Chr04	1800001	1900000	12
Chr04	1900001	2000000	7
Chr04	2000001	2100000	4
Chr04	2100001	2200000	5
Chr04	2200001	2300000	3
Chr04	2300001	2400000	5
Chr04	2400001	2500000	3
Chr04	2500001	2600000	6
Chr04	2600001	2700000	4
Chr04	2700001	2800000	2
Chr04	2800001	2900000	7
Chr04	2900001	3000000	6
Chr04	3000001	3100000	3
Chr04	3100001	3200000	2
Chr04	3200001	3300000	5
Chr04	3300001	3400000	7
Chr04	3400001	3500000	2
Chr04	3500001	3600000	5
Chr04	3600001	3700000	9
Chr04	3700001	3800000	7
Chr04	3800001	3900000	4
Chr04	3900001	4000000	6
Chr04	4000001	4100000	4
Chr04	4100001	4200000	3
Chr04	4200001	4300000	6
Chr04	4300001	4400000	6
Chr04	4400001	4500000	10
Chr04	4500001	4600000	11
Chr04	4600001	4700000	7
Chr04	4700001	4800000	4
Chr04	4800001	4900000	7
Chr04	4900001	5000000	4
Chr04	5000001	5100000	7
Chr04	5100001	5200000	1
Chr04	5200001	5300000	13
Chr04	5300001	5400000	6
Chr04	5400001	5500000	6
Chr04	5500001	5600000	4
Chr04	5600001	5700000	7
Chr04	5700001	5800000	9
Chr04	5800001	5900000	7
Chr04	5900001	6000000	5
Chr04	6000001	6100000	3
Chr04	6100001	6200000	7
Chr04	6200001	6300000	3
Chr04	6300001	6400000	9
Chr04	6400001	6500000	2
Chr04	6500001	6600000	7
Chr04	6600001	6700000	8
Chr04	6700001	6800000	6
Chr04	6800001	6900000	4
Chr04	6900001	7000000	7
Chr04	7000001	7100000	9
Chr04	7100001	7200000	10
Chr04	7200001	7300000	10
Chr04	7300001	7400000	8
Chr04	7400001	7500000	4
Chr04	7500001	7600000	3
Chr04	7600001	7700000	5
Chr04	7700001	7800000	7
Chr04	7800001	7900000	0
Chr04	7900001	8000000	6
Chr04	8000001	8100000	11
Chr04	8100001	8200000	9
Chr04	8200001	8300000	6
Chr04	8300001	8400000	8
Chr04	8400001	8500000	5
Chr04	8500001	8600000	7
Chr04	8600001	8700000	6
Chr04	8700001	8800000	6
Chr04	8800001	8900000	3
Chr04	8900001	9000000	8
Chr04	9000001	9100000	2
Chr04	9100001	9200000	4
Chr04	9200001	9300000	6
Chr04	9300001	9400000	6
Chr04	9400001	9500000	3
Chr04	9500001	9600000	8
Chr04	9600001	9700000	2
Chr04	9700001	9800000	3
Chr04	9800001	9900000	6
Chr04	9900001	10000000	5
Chr04	10000001	10100000	5
Chr04	10100001	10200000	6
Chr04	10200001	10300000	6
Chr04	10300001	10400000	4
Chr04	10400001	10500000	0
Chr04	10500001	10600000	6
Chr04	10600001	10700000	7
Chr04	10700001	10800000	2
Chr04	10800001	10900000	2
Chr04	10900001	11000000	2
Chr04	11000001	11100000	2
Chr04	11100001	11200000	5
Chr04	11200001	11300000	6
Chr04	11300001	11400000	7
Chr04	11400001	11500000	9
Chr04	11500001	11600000	8
Chr04	11600001	11700000	4
Chr04	11700001	11800000	5
Chr04	11800001	11900000	5
Chr04	11900001	12000000	5
Chr04	12000001	12100000	3
Chr04	12100001	12200000	5
Chr04	12200001	12300000	5
Chr04	12300001	12400000	2
Chr04	12400001	12500000	6
Chr04	12500001	12600000	5
Chr04	12600001	12700000	7
Chr04	12700001	12800000	7
Chr04	12800001	12900000	14
Chr04	12900001	13000000	3
Chr04	13000001	13100000	1
Chr04	13100001	13200000	5
Chr04	13200001	13300000	5
Chr04	13300001	13400000	2
Chr04	13400001	13500000	5
Chr04	13500001	13600000	2
Chr04	13600001	13700000	8
Chr04	13700001	13800000	10
Chr04	13800001	13900000	7
Chr04	13900001	14000000	3
Chr04	14000001	14100000	10
Chr04	14100001	14200000	7
Chr04	14200001	14300000	8
Chr04	14300001	14400000	7
Chr04	14400001	14500000	10
Chr04	14500001	14600000	5
Chr04	14600001	14700000	2
Chr04	14700001	14800000	8
Chr04	14800001	14900000	2
Chr04	14900001	15000000	10
Chr04	15000001	15100000	7
Chr04	15100001	15200000	4
Chr04	15200001	15300000	6
Chr04	15300001	15400000	8
Chr04	15400001	15500000	1
Chr04	15500001	15600000	8
Chr04	15600001	15700000	5
Chr04	15700001	15800000	5
Chr04	15800001	15900000	4
Chr04	15900001	16000000	6
Chr04	16000001	16100000	3
Chr04	16100001	16200000	4
Chr04	16200001	16300000	8
Chr04	16300001	16400000	7
Chr04	16400001	16500000	4
Chr04	16500001	16600000	4
Chr04	16600001	16700000	4
Chr04	16700001	16800000	10
Chr04	16800001	16900000	7
Chr04	16900001	17000000	13
Chr04	17000001	17100000	7
Chr04	17100001	17200000	7
Chr04	17200001	17300000	9
Chr04	17300001	17400000	4
Chr04	17400001	17500000	6
Chr04	17500001	17600000	5
Chr04	17600001	17700000	6
Chr04	17700001	17800000	3
Chr04	17800001	17900000	2
Chr04	17900001	18000000	3
Chr04	18000001	18100000	3
Chr04	18100001	18200000	3
Chr04	18200001	18300000	8
Chr04	18300001	18400000	7
Chr04	18400001	18500000	10
Chr04	18500001	18600000	11
Chr04	18600001	18700000	9
Chr04	18700001	18800000	11
Chr04	18800001	18900000	16
Chr04	18900001	19000000	9
Chr04	19000001	19100000	9
Chr04	19100001	19200000	7
Chr04	19200001	19300000	7
Chr04	19300001	19400000	10
Chr04	19400001	19500000	10
Chr04	19500001	19600000	12
Chr04	19600001	19700000	14
Chr04	19700001	19800000	10
Chr04	19800001	19900000	6
Chr04	19900001	20000000	8
Chr04	20000001	20100000	8
Chr04	20100001	20200000	8
Chr04	20200001	20300000	12
Chr04	20300001	20400000	10
Chr04	20400001	20500000	12
Chr04	20500001	20600000	8
Chr04	20600001	20700000	15
Chr04	20700001	20800000	14
Chr04	20800001	20900000	12
Chr04	20900001	21000000	14
Chr04	21000001	21100000	7
Chr04	21100001	21200000	15
Chr04	21200001	21300000	18
Chr04	21300001	21400000	8
Chr04	21400001	21500000	2
Chr04	21500001	21600000	1
Chr04	21600001	21700000	11
Chr04	21700001	21800000	16
Chr04	21800001	21900000	11
Chr04	21900001	22000000	11
Chr04	22000001	22100000	12
Chr04	22100001	22200000	15
Chr04	22200001	22300000	9
Chr04	22300001	22400000	11
Chr04	22400001	22500000	7
Chr04	22500001	22600000	20
Chr04	22600001	22700000	15
Chr04	22700001	22800000	15
Chr04	22800001	22900000	20
Chr04	22900001	23000000	17
Chr04	23000001	23100000	10
Chr04	23100001	23200000	5
Chr04	23200001	23300000	11
Chr04	23300001	23400000	16
Chr04	23400001	23500000	16
Chr04	23500001	23600000	12
Chr04	23600001	23700000	18
Chr04	23700001	23800000	12
Chr04	23800001	23900000	12
Chr04	23900001	24000000	13
Chr04	24000001	24100000	10
Chr04	24100001	24200000	12
Chr04	24200001	24300000	17
Chr04	24300001	24400000	15
Chr04	24400001	24500000	14
Chr04	24500001	24600000	20
Chr04	24600001	24700000	17
Chr04	24700001	24800000	15
Chr04	24800001	24900000	18
Chr04	24900001	25000000	9
Chr04	25000001	25100000	15
Chr04	25100001	25200000	10
Chr04	25200001	25300000	15
Chr04	25300001	25400000	18
Chr04	25400001	25500000	16
Chr04	25500001	25600000	14
Chr04	25600001	25700000	14
Chr04	25700001	25800000	8
Chr04	25800001	25900000	18
Chr04	25900001	26000000	12
Chr04	26000001	26100000	14
Chr04	26100001	26200000	14
Chr04	26200001	26300000	10
Chr04	26300001	26400000	12
Chr04	26400001	26500000	9
Chr04	26500001	26600000	6
Chr04	26600001	26700000	13
Chr04	26700001	26800000	13
Chr04	26800001	26900000	18
Chr04	26900001	27000000	7
Chr04	27000001	27100000	21
Chr04	27100001	27200000	13
Chr04	27200001	27300000	12
Chr04	27300001	27400000	4
Chr04	27400001	27500000	13
Chr04	27500001	27600000	12
Chr04	27600001	27700000	11
Chr04	27700001	27800000	19
Chr04	27800001	27900000	14
Chr04	27900001	28000000	11
Chr04	28000001	28100000	12
Chr04	28100001	28200000	15
Chr04	28200001	28300000	13
Chr04	28300001	28400000	13
Chr04	28400001	28500000	7
Chr04	28500001	28600000	17
Chr04	28600001	28700000	17
Chr04	28700001	28800000	12
Chr04	28800001	28900000	13
Chr04	28900001	29000000	5
Chr04	29000001	29100000	8
Chr04	29100001	29200000	6
Chr04	29200001	29300000	8
Chr04	29300001	29400000	12
Chr04	29400001	29500000	7
Chr04	29500001	29600000	7
Chr04	29600001	29700000	14
Chr04	29700001	29800000	6
Chr04	29800001	29900000	10
Chr04	29900001	30000000	13
Chr04	30000001	30100000	19
Chr04	30100001	30200000	14
Chr04	30200001	30300000	13
Chr04	30300001	30400000	13
Chr04	30400001	30500000	9
Chr04	30500001	30600000	22
Chr04	30600001	30700000	11
Chr04	30700001	30800000	17
Chr04	30800001	30900000	13
Chr04	30900001	31000000	18
Chr04	31000001	31100000	10
Chr04	31100001	31200000	11
Chr04	31200001	31300000	13
Chr04	31300001	31400000	12
Chr04	31400001	31500000	11
Chr04	31500001	31600000	17
Chr04	31600001	31700000	14
Chr04	31700001	31800000	13
Chr04	31800001	31900000	9
Chr04	31900001	32000000	18
Chr04	32000001	32100000	14
Chr04	32100001	32200000	14
Chr04	32200001	32300000	15
Chr04	32300001	32400000	15
Chr04	32400001	32500000	15
Chr04	32500001	32600000	16
Chr04	32600001	32700000	14
Chr04	32700001	32800000	17
Chr04	32800001	32900000	25
Chr04	32900001	33000000	17
Chr04	33000001	33100000	11
Chr04	33100001	33200000	14
Chr04	33200001	33300000	17
Chr04	33300001	33400000	14
Chr04	33400001	33500000	13
Chr04	33500001	33600000	9
Chr04	33600001	33700000	15
Chr04	33700001	33800000	11
Chr04	33800001	33900000	9
Chr04	33900001	34000000	11
Chr04	34000001	34100000	12
Chr04	34100001	34200000	14
Chr04	34200001	34300000	14
Chr04	34300001	34400000	15
Chr04	34400001	34500000	16
Chr04	34500001	34600000	16
Chr04	34600001	34700000	23
Chr04	34700001	34800000	14
Chr04	34800001	34900000	9
Chr04	34900001	35000000	14
Chr04	35000001	35100000	15
Chr04	35100001	35200000	19
Chr04	35200001	35300000	12
Chr04	35300001	35400000	16
Chr04	35400001	35500000	14
Chr04	35500001	35600000	13
Chr04	35600001	35700000	12
Chr04	35700001	35800000	12
Chr04	35800001	35900000	16
Chr04	35900001	36000000	20
Chr04	36000001	36078568	17
Chr05	1	100000	8
Chr05	100001	200000	15
Chr05	200001	300000	20
Chr05	300001	400000	14
Chr05	400001	500000	14
Chr05	500001	600000	14
Chr05	600001	700000	13
Chr05	700001	800000	12
Chr05	800001	900000	16
Chr05	900001	1000000	16
Chr05	1000001	1100000	14
Chr05	1100001	1200000	12
Chr05	1200001	1300000	11
Chr05	1300001	1400000	5
Chr05	1400001	1500000	13
Chr05	1500001	1600000	13
Chr05	1600001	1700000	7
Chr05	1700001	1800000	14
Chr05	1800001	1900000	12
Chr05	1900001	2000000	8
Chr05	2000001	2100000	12
Chr05	2100001	2200000	13
Chr05	2200001	2300000	14
Chr05	2300001	2400000	13
Chr05	2400001	2500000	7
Chr05	2500001	2600000	13
Chr05	2600001	2700000	13
Chr05	2700001	2800000	13
Chr05	2800001	2900000	18
Chr05	2900001	3000000	12
Chr05	3000001	3100000	18
Chr05	3100001	3200000	5
Chr05	3200001	3300000	18
Chr05	3300001	3400000	13
Chr05	3400001	3500000	9
Chr05	3500001	3600000	10
Chr05	3600001	3700000	10
Chr05	3700001	3800000	11
Chr05	3800001	3900000	9
Chr05	3900001	4000000	3
Chr05	4000001	4100000	4
Chr05	4100001	4200000	14
Chr05	4200001	4300000	11
Chr05	4300001	4400000	10
Chr05	4400001	4500000	6
Chr05	4500001	4600000	7
Chr05	4600001	4700000	14
Chr05	4700001	4800000	6
Chr05	4800001	4900000	9
Chr05	4900001	5000000	19
Chr05	5000001	5100000	3
Chr05	5100001	5200000	4
Chr05	5200001	5300000	8
Chr05	5300001	5400000	6
Chr05	5400001	5500000	11
Chr05	5500001	5600000	7
Chr05	5600001	5700000	6
Chr05	5700001	5800000	5
Chr05	5800001	5900000	8
Chr05	5900001	6000000	8
Chr05	6000001	6100000	6
Chr05	6100001	6200000	5
Chr05	6200001	6300000	10
Chr05	6300001	6400000	7
Chr05	6400001	6500000	9
Chr05	6500001	6600000	6
Chr05	6600001	6700000	7
Chr05	6700001	6800000	11
Chr05	6800001	6900000	6
Chr05	6900001	7000000	7
Chr05	7000001	7100000	8
Chr05	7100001	7200000	9
Chr05	7200001	7300000	6
Chr05	7300001	7400000	5
Chr05	7400001	7500000	8
Chr05	7500001	7600000	6
Chr05	7600001	7700000	5
Chr05	7700001	7800000	8
Chr05	7800001	7900000	5
Chr05	7900001	8000000	5
Chr05	8000001	8100000	8
Chr05	8100001	8200000	6
Chr05	8200001	8300000	3
Chr05	8300001	8400000	6
Chr05	8400001	8500000	9
Chr05	8500001	8600000	6
Chr05	8600001	8700000	10
Chr05	8700001	8800000	6
Chr05	8800001	8900000	7
Chr05	8900001	9000000	6
Chr05	9000001	9100000	5
Chr05	9100001	9200000	7
Chr05	9200001	9300000	7
Chr05	9300001	9400000	6
Chr05	9400001	9500000	12
Chr05	9500001	9600000	2
Chr05	9600001	9700000	5
Chr05	9700001	9800000	2
Chr05	9800001	9900000	2
Chr05	9900001	10000000	0
Chr05	10000001	10100000	0
Chr05	10100001	10200000	2
Chr05	10200001	10300000	5
Chr05	10300001	10400000	4
Chr05	10400001	10500000	1
Chr05	10500001	10600000	3
Chr05	10600001	10700000	2
Chr05	10700001	10800000	5
Chr05	10800001	10900000	7
Chr05	10900001	11000000	11
Chr05	11000001	11100000	7
Chr05	11100001	11200000	3
Chr05	11200001	11300000	7
Chr05	11300001	11400000	3
Chr05	11400001	11500000	6
Chr05	11500001	11600000	1
Chr05	11600001	11700000	3
Chr05	11700001	11800000	6
Chr05	11800001	11900000	1
Chr05	11900001	12000000	3
Chr05	12000001	12100000	5
Chr05	12100001	12200000	8
Chr05	12200001	12300000	5
Chr05	12300001	12400000	4
Chr05	12400001	12500000	1
Chr05	12500001	12600000	2
Chr05	12600001	12700000	3
Chr05	12700001	12800000	1
Chr05	12800001	12900000	4
Chr05	12900001	13000000	7
Chr05	13000001	13100000	8
Chr05	13100001	13200000	5
Chr05	13200001	13300000	3
Chr05	13300001	13400000	10
Chr05	13400001	13500000	7
Chr05	13500001	13600000	5
Chr05	13600001	13700000	10
Chr05	13700001	13800000	8
Chr05	13800001	13900000	9
Chr05	13900001	14000000	5
Chr05	14000001	14100000	3
Chr05	14100001	14200000	4
Chr05	14200001	14300000	7
Chr05	14300001	14400000	6
Chr05	14400001	14500000	9
Chr05	14500001	14600000	9
Chr05	14600001	14700000	8
Chr05	14700001	14800000	8
Chr05	14800001	14900000	9
Chr05	14900001	15000000	10
Chr05	15000001	15100000	4
Chr05	15100001	15200000	14
Chr05	15200001	15300000	8
Chr05	15300001	15400000	3
Chr05	15400001	15500000	11
Chr05	15500001	15600000	5
Chr05	15600001	15700000	11
Chr05	15700001	15800000	9
Chr05	15800001	15900000	7
Chr05	15900001	16000000	4
Chr05	16000001	16100000	6
Chr05	16100001	16200000	7
Chr05	16200001	16300000	6
Chr05	16300001	16400000	9
Chr05	16400001	16500000	4
Chr05	16500001	16600000	11
Chr05	16600001	16700000	8
Chr05	16700001	16800000	9
Chr05	16800001	16900000	3
Chr05	16900001	17000000	14
Chr05	17000001	17100000	12
Chr05	17100001	17200000	7
Chr05	17200001	17300000	8
Chr05	17300001	17400000	11
Chr05	17400001	17500000	8
Chr05	17500001	17600000	8
Chr05	17600001	17700000	12
Chr05	17700001	17800000	10
Chr05	17800001	17900000	13
Chr05	17900001	18000000	12
Chr05	18000001	18100000	12
Chr05	18100001	18200000	9
Chr05	18200001	18300000	10
Chr05	18300001	18400000	3
Chr05	18400001	18500000	12
Chr05	18500001	18600000	10
Chr05	18600001	18700000	8
Chr05	18700001	18800000	5
Chr05	18800001	18900000	13
Chr05	18900001	19000000	10
Chr05	19000001	19100000	7
Chr05	19100001	19200000	7
Chr05	19200001	19300000	12
Chr05	19300001	19400000	7
Chr05	19400001	19500000	10
Chr05	19500001	19600000	14
Chr05	19600001	19700000	6
Chr05	19700001	19800000	15
Chr05	19800001	19900000	11
Chr05	19900001	20000000	5
Chr05	20000001	20100000	12
Chr05	20100001	20200000	7
Chr05	20200001	20300000	8
Chr05	20300001	20400000	9
Chr05	20400001	20500000	10
Chr05	20500001	20600000	7
Chr05	20600001	20700000	11
Chr05	20700001	20800000	14
Chr05	20800001	20900000	8
Chr05	20900001	21000000	12
Chr05	21000001	21100000	11
Chr05	21100001	21200000	8
Chr05	21200001	21300000	11
Chr05	21300001	21400000	12
Chr05	21400001	21500000	13
Chr05	21500001	21600000	11
Chr05	21600001	21700000	11
Chr05	21700001	21800000	9
Chr05	21800001	21900000	14
Chr05	21900001	22000000	9
Chr05	22000001	22100000	8
Chr05	22100001	22200000	11
Chr05	22200001	22300000	8
Chr05	22300001	22400000	12
Chr05	22400001	22500000	8
Chr05	22500001	22600000	17
Chr05	22600001	22700000	14
Chr05	22700001	22800000	18
Chr05	22800001	22900000	12
Chr05	22900001	23000000	11
Chr05	23000001	23100000	16
Chr05	23100001	23200000	11
Chr05	23200001	23300000	12
Chr05	23300001	23400000	11
Chr05	23400001	23500000	12
Chr05	23500001	23600000	19
Chr05	23600001	23700000	12
Chr05	23700001	23800000	17
Chr05	23800001	23900000	11
Chr05	23900001	24000000	18
Chr05	24000001	24100000	10
Chr05	24100001	24200000	18
Chr05	24200001	24300000	17
Chr05	24300001	24400000	12
Chr05	24400001	24500000	19
Chr05	24500001	24600000	7
Chr05	24600001	24700000	11
Chr05	24700001	24800000	17
Chr05	24800001	24900000	13
Chr05	24900001	25000000	1
Chr05	25000001	25100000	3
Chr05	25100001	25200000	14
Chr05	25200001	25300000	6
Chr05	25300001	25400000	17
Chr05	25400001	25500000	16
Chr05	25500001	25600000	12
Chr05	25600001	25700000	12
Chr05	25700001	25800000	20
Chr05	25800001	25900000	6
Chr05	25900001	26000000	13
Chr05	26000001	26100000	14
Chr05	26100001	26200000	9
Chr05	26200001	26300000	13
Chr05	26300001	26400000	22
Chr05	26400001	26500000	15
Chr05	26500001	26600000	13
Chr05	26600001	26700000	16
Chr05	26700001	26800000	18
Chr05	26800001	26900000	16
Chr05	26900001	27000000	19
Chr05	27000001	27100000	26
Chr05	27100001	27200000	9
Chr05	27200001	27300000	14
Chr05	27300001	27400000	12
Chr05	27400001	27500000	14
Chr05	27500001	27600000	11
Chr05	27600001	27700000	16
Chr05	27700001	27800000	13
Chr05	27800001	27900000	15
Chr05	27900001	28000000	16
Chr05	28000001	28100000	15
Chr05	28100001	28200000	12
Chr05	28200001	28300000	13
Chr05	28300001	28400000	14
Chr05	28400001	28500000	19
Chr05	28500001	28600000	17
Chr05	28600001	28700000	12
Chr05	28700001	28800000	14
Chr05	28800001	28900000	16
Chr05	28900001	29000000	16
Chr05	29000001	29100000	17
Chr05	29100001	29200000	17
Chr05	29200001	29300000	15
Chr05	29300001	29400000	13
Chr05	29400001	29500000	18
Chr05	29500001	29600000	17
Chr05	29600001	29700000	11
Chr05	29700001	29800000	16
Chr05	29800001	29900000	15
Chr05	29900001	30000000	7
Chr05	30000001	30100000	3
Chr05	30100001	30200000	2
Chr05	30200001	30300000	0
Chr05	30300001	30400000	0
Chr05	30400001	30400764	0
Chr06	1	100000	0
Chr06	100001	200000	1
Chr06	200001	300000	5
Chr06	300001	400000	16
Chr06	400001	500000	9
Chr06	500001	600000	15
Chr06	600001	700000	14
Chr06	700001	800000	15
Chr06	800001	900000	10
Chr06	900001	1000000	17
Chr06	1000001	1100000	20
Chr06	1100001	1200000	10
Chr06	1200001	1300000	11
Chr06	1300001	1400000	8
Chr06	1400001	1500000	4
Chr06	1500001	1600000	18
Chr06	1600001	1700000	18
Chr06	1700001	1800000	17
Chr06	1800001	1900000	11
Chr06	1900001	2000000	16
Chr06	2000001	2100000	15
Chr06	2100001	2200000	14
Chr06	2200001	2300000	16
Chr06	2300001	2400000	16
Chr06	2400001	2500000	12
Chr06	2500001	2600000	19
Chr06	2600001	2700000	16
Chr06	2700001	2800000	18
Chr06	2800001	2900000	16
Chr06	2900001	3000000	13
Chr06	3000001	3100000	15
Chr06	3100001	3200000	14
Chr06	3200001	3300000	17
Chr06	3300001	3400000	15
Chr06	3400001	3500000	21
Chr06	3500001	3600000	10
Chr06	3600001	3700000	13
Chr06	3700001	3800000	17
Chr06	3800001	3900000	15
Chr06	3900001	4000000	15
Chr06	4000001	4100000	22
Chr06	4100001	4200000	14
Chr06	4200001	4300000	7
Chr06	4300001	4400000	13
Chr06	4400001	4500000	12
Chr06	4500001	4600000	15
Chr06	4600001	4700000	11
Chr06	4700001	4800000	11
Chr06	4800001	4900000	13
Chr06	4900001	5000000	3
Chr06	5000001	5100000	10
Chr06	5100001	5200000	13
Chr06	5200001	5300000	9
Chr06	5300001	5400000	11
Chr06	5400001	5500000	11
Chr06	5500001	5600000	12
Chr06	5600001	5700000	7
Chr06	5700001	5800000	12
Chr06	5800001	5900000	19
Chr06	5900001	6000000	13
Chr06	6000001	6100000	16
Chr06	6100001	6200000	9
Chr06	6200001	6300000	7
Chr06	6300001	6400000	14
Chr06	6400001	6500000	10
Chr06	6500001	6600000	8
Chr06	6600001	6700000	18
Chr06	6700001	6800000	10
Chr06	6800001	6900000	8
Chr06	6900001	7000000	17
Chr06	7000001	7100000	10
Chr06	7100001	7200000	13
Chr06	7200001	7300000	15
Chr06	7300001	7400000	16
Chr06	7400001	7500000	13
Chr06	7500001	7600000	10
Chr06	7600001	7700000	8
Chr06	7700001	7800000	14
Chr06	7800001	7900000	9
Chr06	7900001	8000000	9
Chr06	8000001	8100000	9
Chr06	8100001	8200000	11
Chr06	8200001	8300000	9
Chr06	8300001	8400000	5
Chr06	8400001	8500000	9
Chr06	8500001	8600000	3
Chr06	8600001	8700000	3
Chr06	8700001	8800000	5
Chr06	8800001	8900000	3
Chr06	8900001	9000000	10
Chr06	9000001	9100000	9
Chr06	9100001	9200000	9
Chr06	9200001	9300000	7
Chr06	9300001	9400000	13
Chr06	9400001	9500000	9
Chr06	9500001	9600000	9
Chr06	9600001	9700000	3
Chr06	9700001	9800000	5
Chr06	9800001	9900000	2
Chr06	9900001	10000000	3
Chr06	10000001	10100000	7
Chr06	10100001	10200000	9
Chr06	10200001	10300000	4
Chr06	10300001	10400000	9
Chr06	10400001	10500000	5
Chr06	10500001	10600000	9
Chr06	10600001	10700000	7
Chr06	10700001	10800000	3
Chr06	10800001	10900000	9
Chr06	10900001	11000000	7
Chr06	11000001	11100000	9
Chr06	11100001	11200000	9
Chr06	11200001	11300000	12
Chr06	11300001	11400000	11
Chr06	11400001	11500000	7
Chr06	11500001	11600000	3
Chr06	11600001	11700000	9
Chr06	11700001	11800000	9
Chr06	11800001	11900000	8
Chr06	11900001	12000000	9
Chr06	12000001	12100000	5
Chr06	12100001	12200000	9
Chr06	12200001	12300000	8
Chr06	12300001	12400000	7
Chr06	12400001	12500000	6
Chr06	12500001	12600000	11
Chr06	12600001	12700000	13
Chr06	12700001	12800000	5
Chr06	12800001	12900000	8
Chr06	12900001	13000000	7
Chr06	13000001	13100000	5
Chr06	13100001	13200000	8
Chr06	13200001	13300000	11
Chr06	13300001	13400000	10
Chr06	13400001	13500000	4
Chr06	13500001	13600000	8
Chr06	13600001	13700000	7
Chr06	13700001	13800000	7
Chr06	13800001	13900000	11
Chr06	13900001	14000000	7
Chr06	14000001	14100000	7
Chr06	14100001	14200000	4
Chr06	14200001	14300000	1
Chr06	14300001	14400000	6
Chr06	14400001	14500000	4
Chr06	14500001	14600000	5
Chr06	14600001	14700000	5
Chr06	14700001	14800000	11
Chr06	14800001	14900000	6
Chr06	14900001	15000000	6
Chr06	15000001	15100000	2
Chr06	15100001	15200000	9
Chr06	15200001	15300000	2
Chr06	15300001	15400000	2
Chr06	15400001	15500000	4
Chr06	15500001	15600000	3
Chr06	15600001	15700000	1
Chr06	15700001	15800000	0
Chr06	15800001	15900000	0
Chr06	15900001	16000000	0
Chr06	16000001	16100000	0
Chr06	16100001	16200000	0
Chr06	16200001	16300000	0
Chr06	16300001	16400000	4
Chr06	16400001	16500000	3
Chr06	16500001	16600000	7
Chr06	16600001	16700000	10
Chr06	16700001	16800000	8
Chr06	16800001	16900000	8
Chr06	16900001	17000000	8
Chr06	17000001	17100000	3
Chr06	17100001	17200000	7
Chr06	17200001	17300000	6
Chr06	17300001	17400000	7
Chr06	17400001	17500000	4
Chr06	17500001	17600000	9
Chr06	17600001	17700000	6
Chr06	17700001	17800000	9
Chr06	17800001	17900000	8
Chr06	17900001	18000000	5
Chr06	18000001	18100000	6
Chr06	18100001	18200000	6
Chr06	18200001	18300000	8
Chr06	18300001	18400000	7
Chr06	18400001	18500000	10
Chr06	18500001	18600000	1
Chr06	18600001	18700000	12
Chr06	18700001	18800000	7
Chr06	18800001	18900000	6
Chr06	18900001	19000000	8
Chr06	19000001	19100000	4
Chr06	19100001	19200000	0
Chr06	19200001	19300000	0
Chr06	19300001	19400000	1
Chr06	19400001	19500000	1
Chr06	19500001	19600000	0
Chr06	19600001	19700000	5
Chr06	19700001	19800000	5
Chr06	19800001	19900000	3
Chr06	19900001	20000000	6
Chr06	20000001	20100000	8
Chr06	20100001	20200000	10
Chr06	20200001	20300000	11
Chr06	20300001	20400000	9
Chr06	20400001	20500000	6
Chr06	20500001	20600000	6
Chr06	20600001	20700000	6
Chr06	20700001	20800000	4
Chr06	20800001	20900000	11
Chr06	20900001	21000000	16
Chr06	21000001	21100000	9
Chr06	21100001	21200000	9
Chr06	21200001	21300000	6
Chr06	21300001	21400000	3
Chr06	21400001	21500000	5
Chr06	21500001	21600000	7
Chr06	21600001	21700000	9
Chr06	21700001	21800000	11
Chr06	21800001	21900000	7
Chr06	21900001	22000000	8
Chr06	22000001	22100000	6
Chr06	22100001	22200000	5
Chr06	22200001	22300000	7
Chr06	22300001	22400000	7
Chr06	22400001	22500000	5
Chr06	22500001	22600000	10
Chr06	22600001	22700000	10
Chr06	22700001	22800000	10
Chr06	22800001	22900000	6
Chr06	22900001	23000000	10
Chr06	23000001	23100000	7
Chr06	23100001	23200000	13
Chr06	23200001	23300000	7
Chr06	23300001	23400000	4
Chr06	23400001	23500000	7
Chr06	23500001	23600000	6
Chr06	23600001	23700000	8
Chr06	23700001	23800000	5
Chr06	23800001	23900000	18
Chr06	23900001	24000000	10
Chr06	24000001	24100000	10
Chr06	24100001	24200000	8
Chr06	24200001	24300000	12
Chr06	24300001	24400000	8
Chr06	24400001	24500000	9
Chr06	24500001	24600000	8
Chr06	24600001	24700000	11
Chr06	24700001	24800000	13
Chr06	24800001	24900000	7
Chr06	24900001	25000000	8
Chr06	25000001	25100000	17
Chr06	25100001	25200000	13
Chr06	25200001	25300000	12
Chr06	25300001	25400000	8
Chr06	25400001	25500000	6
Chr06	25500001	25600000	2
Chr06	25600001	25700000	7
Chr06	25700001	25800000	12
Chr06	25800001	25900000	10
Chr06	25900001	26000000	11
Chr06	26000001	26100000	11
Chr06	26100001	26200000	7
Chr06	26200001	26300000	5
Chr06	26300001	26400000	6
Chr06	26400001	26500000	8
Chr06	26500001	26600000	11
Chr06	26600001	26700000	9
Chr06	26700001	26800000	11
Chr06	26800001	26900000	10
Chr06	26900001	27000000	8
Chr06	27000001	27100000	13
Chr06	27100001	27200000	12
Chr06	27200001	27300000	10
Chr06	27300001	27400000	11
Chr06	27400001	27500000	9
Chr06	27500001	27600000	15
Chr06	27600001	27700000	11
Chr06	27700001	27800000	6
Chr06	27800001	27900000	7
Chr06	27900001	28000000	12
Chr06	28000001	28100000	12
Chr06	28100001	28200000	20
Chr06	28200001	28300000	15
Chr06	28300001	28400000	9
Chr06	28400001	28500000	9
Chr06	28500001	28600000	15
Chr06	28600001	28700000	15
Chr06	28700001	28800000	8
Chr06	28800001	28900000	9
Chr06	28900001	29000000	9
Chr06	29000001	29100000	11
Chr06	29100001	29200000	18
Chr06	29200001	29300000	13
Chr06	29300001	29400000	21
Chr06	29400001	29500000	10
Chr06	29500001	29600000	17
Chr06	29600001	29700000	12
Chr06	29700001	29800000	15
Chr06	29800001	29900000	21
Chr06	29900001	30000000	8
Chr06	30000001	30100000	17
Chr06	30100001	30200000	2
Chr06	30200001	30300000	15
Chr06	30300001	30400000	11
Chr06	30400001	30500000	11
Chr06	30500001	30600000	12
Chr06	30600001	30700000	21
Chr06	30700001	30800000	14
Chr06	30800001	30900000	16
Chr06	30900001	31000000	17
Chr06	31000001	31100000	10
Chr06	31100001	31200000	8
Chr06	31200001	31300000	19
Chr06	31300001	31400000	18
Chr06	31400001	31500000	12
Chr06	31500001	31600000	12
Chr06	31600001	31700000	15
Chr06	31700001	31800000	16
Chr06	31800001	31900000	14
Chr06	31900001	32000000	12
Chr06	32000001	32100000	17
Chr06	32100001	32122276	0
Chr07	1	100000	12
Chr07	100001	200000	9
Chr07	200001	300000	8
Chr07	300001	400000	16
Chr07	400001	500000	16
Chr07	500001	600000	17
Chr07	600001	700000	13
Chr07	700001	800000	16
Chr07	800001	900000	10
Chr07	900001	1000000	16
Chr07	1000001	1100000	15
Chr07	1100001	1200000	20
Chr07	1200001	1300000	12
Chr07	1300001	1400000	15
Chr07	1400001	1500000	8
Chr07	1500001	1600000	12
Chr07	1600001	1700000	15
Chr07	1700001	1800000	11
Chr07	1800001	1900000	7
Chr07	1900001	2000000	10
Chr07	2000001	2100000	21
Chr07	2100001	2200000	21
Chr07	2200001	2300000	18
Chr07	2300001	2400000	6
Chr07	2400001	2500000	10
Chr07	2500001	2600000	7
Chr07	2600001	2700000	11
Chr07	2700001	2800000	9
Chr07	2800001	2900000	11
Chr07	2900001	3000000	6
Chr07	3000001	3100000	9
Chr07	3100001	3200000	13
Chr07	3200001	3300000	14
Chr07	3300001	3400000	20
Chr07	3400001	3500000	12
Chr07	3500001	3600000	13
Chr07	3600001	3700000	15
Chr07	3700001	3800000	20
Chr07	3800001	3900000	13
Chr07	3900001	4000000	13
Chr07	4000001	4100000	12
Chr07	4100001	4200000	11
Chr07	4200001	4300000	13
Chr07	4300001	4400000	12
Chr07	4400001	4500000	12
Chr07	4500001	4600000	11
Chr07	4600001	4700000	10
Chr07	4700001	4800000	10
Chr07	4800001	4900000	8
Chr07	4900001	5000000	9
Chr07	5000001	5100000	13
Chr07	5100001	5200000	9
Chr07	5200001	5300000	12
Chr07	5300001	5400000	10
Chr07	5400001	5500000	5
Chr07	5500001	5600000	14
Chr07	5600001	5700000	10
Chr07	5700001	5800000	10
Chr07	5800001	5900000	15
Chr07	5900001	6000000	9
Chr07	6000001	6100000	9
Chr07	6100001	6200000	8
Chr07	6200001	6300000	6
Chr07	6300001	6400000	12
Chr07	6400001	6500000	3
Chr07	6500001	6600000	5
Chr07	6600001	6700000	7
Chr07	6700001	6800000	4
Chr07	6800001	6900000	9
Chr07	6900001	7000000	6
Chr07	7000001	7100000	3
Chr07	7100001	7200000	3
Chr07	7200001	7300000	11
Chr07	7300001	7400000	9
Chr07	7400001	7500000	13
Chr07	7500001	7600000	3
Chr07	7600001	7700000	5
Chr07	7700001	7800000	5
Chr07	7800001	7900000	11
Chr07	7900001	8000000	5
Chr07	8000001	8100000	13
Chr07	8100001	8200000	10
Chr07	8200001	8300000	8
Chr07	8300001	8400000	7
Chr07	8400001	8500000	8
Chr07	8500001	8600000	7
Chr07	8600001	8700000	7
Chr07	8700001	8800000	3
Chr07	8800001	8900000	5
Chr07	8900001	9000000	5
Chr07	9000001	9100000	8
Chr07	9100001	9200000	6
Chr07	9200001	9300000	3
Chr07	9300001	9400000	5
Chr07	9400001	9500000	12
Chr07	9500001	9600000	1
Chr07	9600001	9700000	8
Chr07	9700001	9800000	5
Chr07	9800001	9900000	2
Chr07	9900001	10000000	2
Chr07	10000001	10100000	5
Chr07	10100001	10200000	7
Chr07	10200001	10300000	8
Chr07	10300001	10400000	8
Chr07	10400001	10500000	4
Chr07	10500001	10600000	4
Chr07	10600001	10700000	2
Chr07	10700001	10800000	7
Chr07	10800001	10900000	3
Chr07	10900001	11000000	1
Chr07	11000001	11100000	11
Chr07	11100001	11200000	5
Chr07	11200001	11300000	2
Chr07	11300001	11400000	10
Chr07	11400001	11500000	8
Chr07	11500001	11600000	6
Chr07	11600001	11700000	6
Chr07	11700001	11800000	9
Chr07	11800001	11900000	5
Chr07	11900001	12000000	6
Chr07	12000001	12100000	3
Chr07	12100001	12200000	2
Chr07	12200001	12300000	0
Chr07	12300001	12400000	0
Chr07	12400001	12500000	6
Chr07	12500001	12600000	1
Chr07	12600001	12700000	3
Chr07	12700001	12800000	6
Chr07	12800001	12900000	6
Chr07	12900001	13000000	10
Chr07	13000001	13100000	7
Chr07	13100001	13200000	6
Chr07	13200001	13300000	8
Chr07	13300001	13400000	6
Chr07	13400001	13500000	12
Chr07	13500001	13600000	12
Chr07	13600001	13700000	7
Chr07	13700001	13800000	6
Chr07	13800001	13900000	3
Chr07	13900001	14000000	5
Chr07	14000001	14100000	2
Chr07	14100001	14200000	2
Chr07	14200001	14300000	1
Chr07	14300001	14400000	5
Chr07	14400001	14500000	1
Chr07	14500001	14600000	1
Chr07	14600001	14700000	10
Chr07	14700001	14800000	6
Chr07	14800001	14900000	8
Chr07	14900001	15000000	8
Chr07	15000001	15100000	4
Chr07	15100001	15200000	5
Chr07	15200001	15300000	5
Chr07	15300001	15400000	6
Chr07	15400001	15500000	9
Chr07	15500001	15600000	7
Chr07	15600001	15700000	5
Chr07	15700001	15800000	9
Chr07	15800001	15900000	7
Chr07	15900001	16000000	5
Chr07	16000001	16100000	12
Chr07	16100001	16200000	8
Chr07	16200001	16300000	4
Chr07	16300001	16400000	9
Chr07	16400001	16500000	10
Chr07	16500001	16600000	9
Chr07	16600001	16700000	7
Chr07	16700001	16800000	6
Chr07	16800001	16900000	8
Chr07	16900001	17000000	7
Chr07	17000001	17100000	8
Chr07	17100001	17200000	5
Chr07	17200001	17300000	9
Chr07	17300001	17400000	7
Chr07	17400001	17500000	9
Chr07	17500001	17600000	7
Chr07	17600001	17700000	7
Chr07	17700001	17800000	2
Chr07	17800001	17900000	5
Chr07	17900001	18000000	9
Chr07	18000001	18100000	9
Chr07	18100001	18200000	5
Chr07	18200001	18300000	6
Chr07	18300001	18400000	10
Chr07	18400001	18500000	9
Chr07	18500001	18600000	10
Chr07	18600001	18700000	7
Chr07	18700001	18800000	11
Chr07	18800001	18900000	12
Chr07	18900001	19000000	9
Chr07	19000001	19100000	11
Chr07	19100001	19200000	8
Chr07	19200001	19300000	9
Chr07	19300001	19400000	8
Chr07	19400001	19500000	8
Chr07	19500001	19600000	7
Chr07	19600001	19700000	11
Chr07	19700001	19800000	8
Chr07	19800001	19900000	9
Chr07	19900001	20000000	8
Chr07	20000001	20100000	9
Chr07	20100001	20200000	14
Chr07	20200001	20300000	11
Chr07	20300001	20400000	12
Chr07	20400001	20500000	12
Chr07	20500001	20600000	24
Chr07	20600001	20700000	8
Chr07	20700001	20800000	7
Chr07	20800001	20900000	6
Chr07	20900001	21000000	11
Chr07	21000001	21100000	9
Chr07	21100001	21200000	16
Chr07	21200001	21300000	12
Chr07	21300001	21400000	14
Chr07	21400001	21500000	7
Chr07	21500001	21600000	9
Chr07	21600001	21700000	14
Chr07	21700001	21800000	10
Chr07	21800001	21900000	14
Chr07	21900001	22000000	12
Chr07	22000001	22100000	14
Chr07	22100001	22200000	6
Chr07	22200001	22300000	9
Chr07	22300001	22400000	13
Chr07	22400001	22500000	12
Chr07	22500001	22600000	12
Chr07	22600001	22700000	8
Chr07	22700001	22800000	10
Chr07	22800001	22900000	17
Chr07	22900001	23000000	9
Chr07	23000001	23100000	16
Chr07	23100001	23200000	12
Chr07	23200001	23300000	5
Chr07	23300001	23400000	15
Chr07	23400001	23500000	21
Chr07	23500001	23600000	15
Chr07	23600001	23700000	14
Chr07	23700001	23800000	12
Chr07	23800001	23900000	12
Chr07	23900001	24000000	10
Chr07	24000001	24100000	14
Chr07	24100001	24200000	12
Chr07	24200001	24300000	10
Chr07	24300001	24400000	16
Chr07	24400001	24500000	16
Chr07	24500001	24600000	10
Chr07	24600001	24700000	15
Chr07	24700001	24800000	12
Chr07	24800001	24900000	12
Chr07	24900001	25000000	14
Chr07	25000001	25100000	7
Chr07	25100001	25200000	11
Chr07	25200001	25300000	16
Chr07	25300001	25400000	9
Chr07	25400001	25500000	13
Chr07	25500001	25600000	17
Chr07	25600001	25700000	13
Chr07	25700001	25800000	12
Chr07	25800001	25900000	14
Chr07	25900001	26000000	11
Chr07	26000001	26100000	10
Chr07	26100001	26200000	17
Chr07	26200001	26300000	22
Chr07	26300001	26400000	11
Chr07	26400001	26500000	18
Chr07	26500001	26600000	14
Chr07	26600001	26700000	18
Chr07	26700001	26800000	15
Chr07	26800001	26900000	13
Chr07	26900001	27000000	15
Chr07	27000001	27100000	15
Chr07	27100001	27200000	12
Chr07	27200001	27300000	17
Chr07	27300001	27400000	12
Chr07	27400001	27500000	3
Chr07	27500001	27600000	8
Chr07	27600001	27700000	11
Chr07	27700001	27800000	15
Chr07	27800001	27900000	15
Chr07	27900001	28000000	11
Chr07	28000001	28100000	16
Chr07	28100001	28200000	16
Chr07	28200001	28300000	17
Chr07	28300001	28400000	14
Chr07	28400001	28500000	18
Chr07	28500001	28600000	18
Chr07	28600001	28700000	16
Chr07	28700001	28800000	18
Chr07	28800001	28900000	8
Chr07	28900001	29000000	16
Chr07	29000001	29100000	12
Chr07	29100001	29200000	12
Chr07	29200001	29300000	8
Chr07	29300001	29400000	14
Chr07	29400001	29500000	18
Chr07	29500001	29600000	14
Chr07	29600001	29700000	13
Chr07	29700001	29800000	17
Chr07	29800001	29900000	12
Chr07	29900001	29936421	1
Chr08	1	100000	12
Chr08	100001	200000	14
Chr08	200001	300000	16
Chr08	300001	400000	18
Chr08	400001	500000	11
Chr08	500001	600000	13
Chr08	600001	700000	13
Chr08	700001	800000	14
Chr08	800001	900000	3
Chr08	900001	1000000	13
Chr08	1000001	1100000	13
Chr08	1100001	1200000	12
Chr08	1200001	1300000	9
Chr08	1300001	1400000	9
Chr08	1400001	1500000	6
Chr08	1500001	1600000	13
Chr08	1600001	1700000	24
Chr08	1700001	1800000	10
Chr08	1800001	1900000	10
Chr08	1900001	2000000	5
Chr08	2000001	2100000	16
Chr08	2100001	2200000	19
Chr08	2200001	2300000	9
Chr08	2300001	2400000	10
Chr08	2400001	2500000	5
Chr08	2500001	2600000	5
Chr08	2600001	2700000	1
Chr08	2700001	2800000	7
Chr08	2800001	2900000	9
Chr08	2900001	3000000	14
Chr08	3000001	3100000	11
Chr08	3100001	3200000	15
Chr08	3200001	3300000	6
Chr08	3300001	3400000	9
Chr08	3400001	3500000	13
Chr08	3500001	3600000	7
Chr08	3600001	3700000	9
Chr08	3700001	3800000	16
Chr08	3800001	3900000	13
Chr08	3900001	4000000	6
Chr08	4000001	4100000	8
Chr08	4100001	4200000	14
Chr08	4200001	4300000	8
Chr08	4300001	4400000	12
Chr08	4400001	4500000	12
Chr08	4500001	4600000	11
Chr08	4600001	4700000	15
Chr08	4700001	4800000	9
Chr08	4800001	4900000	3
Chr08	4900001	5000000	5
Chr08	5000001	5100000	7
Chr08	5100001	5200000	6
Chr08	5200001	5300000	9
Chr08	5300001	5400000	13
Chr08	5400001	5500000	13
Chr08	5500001	5600000	11
Chr08	5600001	5700000	17
Chr08	5700001	5800000	17
Chr08	5800001	5900000	7
Chr08	5900001	6000000	7
Chr08	6000001	6100000	6
Chr08	6100001	6200000	8
Chr08	6200001	6300000	12
Chr08	6300001	6400000	9
Chr08	6400001	6500000	5
Chr08	6500001	6600000	1
Chr08	6600001	6700000	7
Chr08	6700001	6800000	5
Chr08	6800001	6900000	6
Chr08	6900001	7000000	2
Chr08	7000001	7100000	0
Chr08	7100001	7200000	4
Chr08	7200001	7300000	4
Chr08	7300001	7400000	6
Chr08	7400001	7500000	5
Chr08	7500001	7600000	8
Chr08	7600001	7700000	10
Chr08	7700001	7800000	11
Chr08	7800001	7900000	6
Chr08	7900001	8000000	8
Chr08	8000001	8100000	8
Chr08	8100001	8200000	9
Chr08	8200001	8300000	7
Chr08	8300001	8400000	12
Chr08	8400001	8500000	10
Chr08	8500001	8600000	9
Chr08	8600001	8700000	7
Chr08	8700001	8800000	5
Chr08	8800001	8900000	7
Chr08	8900001	9000000	9
Chr08	9000001	9100000	9
Chr08	9100001	9200000	9
Chr08	9200001	9300000	5
Chr08	9300001	9400000	9
Chr08	9400001	9500000	11
Chr08	9500001	9600000	9
Chr08	9600001	9700000	2
Chr08	9700001	9800000	3
Chr08	9800001	9900000	6
Chr08	9900001	10000000	1
Chr08	10000001	10100000	6
Chr08	10100001	10200000	8
Chr08	10200001	10300000	8
Chr08	10300001	10400000	8
Chr08	10400001	10500000	8
Chr08	10500001	10600000	10
Chr08	10600001	10700000	5
Chr08	10700001	10800000	7
Chr08	10800001	10900000	6
Chr08	10900001	11000000	7
Chr08	11000001	11100000	4
Chr08	11100001	11200000	4
Chr08	11200001	11300000	5
Chr08	11300001	11400000	9
Chr08	11400001	11500000	7
Chr08	11500001	11600000	10
Chr08	11600001	11700000	6
Chr08	11700001	11800000	3
Chr08	11800001	11900000	10
Chr08	11900001	12000000	6
Chr08	12000001	12100000	5
Chr08	12100001	12200000	3
Chr08	12200001	12300000	6
Chr08	12300001	12400000	10
Chr08	12400001	12500000	7
Chr08	12500001	12600000	5
Chr08	12600001	12700000	1
Chr08	12700001	12800000	5
Chr08	12800001	12900000	2
Chr08	12900001	13000000	13
Chr08	13000001	13100000	3
Chr08	13100001	13200000	6
Chr08	13200001	13300000	4
Chr08	13300001	13400000	3
Chr08	13400001	13500000	6
Chr08	13500001	13600000	8
Chr08	13600001	13700000	2
Chr08	13700001	13800000	1
Chr08	13800001	13900000	8
Chr08	13900001	14000000	7
Chr08	14000001	14100000	11
Chr08	14100001	14200000	5
Chr08	14200001	14300000	9
Chr08	14300001	14400000	5
Chr08	14400001	14500000	10
Chr08	14500001	14600000	4
Chr08	14600001	14700000	5
Chr08	14700001	14800000	10
Chr08	14800001	14900000	7
Chr08	14900001	15000000	3
Chr08	15000001	15100000	7
Chr08	15100001	15200000	5
Chr08	15200001	15300000	7
Chr08	15300001	15400000	6
Chr08	15400001	15500000	8
Chr08	15500001	15600000	7
Chr08	15600001	15700000	4
Chr08	15700001	15800000	11
Chr08	15800001	15900000	9
Chr08	15900001	16000000	7
Chr08	16000001	16100000	3
Chr08	16100001	16200000	7
Chr08	16200001	16300000	5
Chr08	16300001	16400000	5
Chr08	16400001	16500000	6
Chr08	16500001	16600000	4
Chr08	16600001	16700000	10
Chr08	16700001	16800000	9
Chr08	16800001	16900000	3
Chr08	16900001	17000000	12
Chr08	17000001	17100000	9
Chr08	17100001	17200000	5
Chr08	17200001	17300000	2
Chr08	17300001	17400000	9
Chr08	17400001	17500000	4
Chr08	17500001	17600000	9
Chr08	17600001	17700000	8
Chr08	17700001	17800000	12
Chr08	17800001	17900000	11
Chr08	17900001	18000000	10
Chr08	18000001	18100000	3
Chr08	18100001	18200000	5
Chr08	18200001	18300000	10
Chr08	18300001	18400000	8
Chr08	18400001	18500000	7
Chr08	18500001	18600000	7
Chr08	18600001	18700000	9
Chr08	18700001	18800000	6
Chr08	18800001	18900000	8
Chr08	18900001	19000000	5
Chr08	19000001	19100000	5
Chr08	19100001	19200000	9
Chr08	19200001	19300000	9
Chr08	19300001	19400000	11
Chr08	19400001	19500000	8
Chr08	19500001	19600000	7
Chr08	19600001	19700000	6
Chr08	19700001	19800000	8
Chr08	19800001	19900000	17
Chr08	19900001	20000000	13
Chr08	20000001	20100000	12
Chr08	20100001	20200000	10
Chr08	20200001	20300000	9
Chr08	20300001	20400000	12
Chr08	20400001	20500000	6
Chr08	20500001	20600000	10
Chr08	20600001	20700000	6
Chr08	20700001	20800000	10
Chr08	20800001	20900000	8
Chr08	20900001	21000000	12
Chr08	21000001	21100000	8
Chr08	21100001	21200000	14
Chr08	21200001	21300000	6
Chr08	21300001	21400000	11
Chr08	21400001	21500000	11
Chr08	21500001	21600000	9
Chr08	21600001	21700000	12
Chr08	21700001	21800000	8
Chr08	21800001	21900000	5
Chr08	21900001	22000000	9
Chr08	22000001	22100000	10
Chr08	22100001	22200000	12
Chr08	22200001	22300000	8
Chr08	22300001	22400000	5
Chr08	22400001	22500000	9
Chr08	22500001	22600000	9
Chr08	22600001	22700000	12
Chr08	22700001	22800000	12
Chr08	22800001	22900000	10
Chr08	22900001	23000000	9
Chr08	23000001	23100000	5
Chr08	23100001	23200000	9
Chr08	23200001	23300000	12
Chr08	23300001	23400000	7
Chr08	23400001	23500000	9
Chr08	23500001	23600000	15
Chr08	23600001	23700000	8
Chr08	23700001	23800000	11
Chr08	23800001	23900000	11
Chr08	23900001	24000000	12
Chr08	24000001	24100000	13
Chr08	24100001	24200000	11
Chr08	24200001	24300000	14
Chr08	24300001	24400000	11
Chr08	24400001	24500000	16
Chr08	24500001	24600000	14
Chr08	24600001	24700000	11
Chr08	24700001	24800000	10
Chr08	24800001	24900000	18
Chr08	24900001	25000000	10
Chr08	25000001	25100000	12
Chr08	25100001	25200000	10
Chr08	25200001	25300000	9
Chr08	25300001	25400000	10
Chr08	25400001	25500000	14
Chr08	25500001	25600000	18
Chr08	25600001	25700000	10
Chr08	25700001	25800000	17
Chr08	25800001	25900000	11
Chr08	25900001	26000000	12
Chr08	26000001	26100000	17
Chr08	26100001	26200000	16
Chr08	26200001	26300000	14
Chr08	26300001	26400000	15
Chr08	26400001	26500000	17
Chr08	26500001	26600000	16
Chr08	26600001	26700000	9
Chr08	26700001	26800000	8
Chr08	26800001	26900000	16
Chr08	26900001	27000000	14
Chr08	27000001	27100000	15
Chr08	27100001	27200000	9
Chr08	27200001	27300000	18
Chr08	27300001	27400000	13
Chr08	27400001	27500000	15
Chr08	27500001	27600000	14
Chr08	27600001	27700000	13
Chr08	27700001	27800000	25
Chr08	27800001	27900000	24
Chr08	27900001	28000000	16
Chr08	28000001	28100000	19
Chr08	28100001	28200000	17
Chr08	28200001	28300000	14
Chr08	28300001	28400000	14
Chr08	28400001	28500000	14
Chr08	28500001	28600000	10
Chr08	28600001	28605474	0
Chr09	1	100000	35
Chr09	100001	200000	38
Chr09	200001	300000	39
Chr09	300001	400000	37
Chr09	400001	500000	38
Chr09	500001	600000	39
Chr09	600001	700000	36
Chr09	700001	800000	39
Chr09	800001	900000	37
Chr09	900001	1000000	38
Chr09	1000001	1100000	39
Chr09	1100001	1200000	36
Chr09	1200001	1300000	39
Chr09	1300001	1400000	37
Chr09	1400001	1500000	38
Chr09	1500001	1600000	39
Chr09	1600001	1700000	37
Chr09	1700001	1800000	38
Chr09	1800001	1900000	38
Chr09	1900001	2000000	37
Chr09	2000001	2100000	39
Chr09	2100001	2200000	37
Chr09	2200001	2300000	38
Chr09	2300001	2400000	39
Chr09	2400001	2500000	36
Chr09	2500001	2600000	39
Chr09	2600001	2700000	37
Chr09	2700001	2800000	38
Chr09	2800001	2900000	39
Chr09	2900001	3000000	37
Chr09	3000001	3100000	38
Chr09	3100001	3200000	38
Chr09	3200001	3300000	37
Chr09	3300001	3400000	39
Chr09	3400001	3500000	37
Chr09	3500001	3600000	38
Chr09	3600001	3700000	39
Chr09	3700001	3800000	36
Chr09	3800001	3900000	39
Chr09	3900001	4000000	37
Chr09	4000001	4100000	23
Chr09	4100001	4200000	4
Chr09	4200001	4300000	3
Chr09	4300001	4400000	6
Chr09	4400001	4500000	10
Chr09	4500001	4600000	8
Chr09	4600001	4700000	4
Chr09	4700001	4800000	4
Chr09	4800001	4900000	10
Chr09	4900001	5000000	7
Chr09	5000001	5100000	7
Chr09	5100001	5200000	4
Chr09	5200001	5300000	10
Chr09	5300001	5400000	5
Chr09	5400001	5500000	4
Chr09	5500001	5600000	8
Chr09	5600001	5700000	4
Chr09	5700001	5800000	6
Chr09	5800001	5900000	8
Chr09	5900001	6000000	8
Chr09	6000001	6100000	5
Chr09	6100001	6200000	6
Chr09	6200001	6300000	5
Chr09	6300001	6400000	10
Chr09	6400001	6500000	5
Chr09	6500001	6600000	7
Chr09	6600001	6700000	7
Chr09	6700001	6800000	6
Chr09	6800001	6900000	0
Chr09	6900001	7000000	0
Chr09	7000001	7100000	0
Chr09	7100001	7200000	0
Chr09	7200001	7300000	6
Chr09	7300001	7400000	6
Chr09	7400001	7500000	6
Chr09	7500001	7600000	5
Chr09	7600001	7700000	5
Chr09	7700001	7800000	3
Chr09	7800001	7900000	5
Chr09	7900001	8000000	3
Chr09	8000001	8100000	9
Chr09	8100001	8200000	7
Chr09	8200001	8300000	7
Chr09	8300001	8400000	6
Chr09	8400001	8500000	6
Chr09	8500001	8600000	10
Chr09	8600001	8700000	6
Chr09	8700001	8800000	12
Chr09	8800001	8900000	8
Chr09	8900001	9000000	5
Chr09	9000001	9100000	3
Chr09	9100001	9200000	3
Chr09	9200001	9300000	4
Chr09	9300001	9400000	10
Chr09	9400001	9500000	12
Chr09	9500001	9600000	4
Chr09	9600001	9700000	6
Chr09	9700001	9800000	7
Chr09	9800001	9900000	3
Chr09	9900001	10000000	8
Chr09	10000001	10100000	4
Chr09	10100001	10200000	12
Chr09	10200001	10300000	6
Chr09	10300001	10400000	6
Chr09	10400001	10500000	4
Chr09	10500001	10600000	8
Chr09	10600001	10700000	3
Chr09	10700001	10800000	8
Chr09	10800001	10900000	3
Chr09	10900001	11000000	3
Chr09	11000001	11100000	5
Chr09	11100001	11200000	5
Chr09	11200001	11300000	3
Chr09	11300001	11400000	5
Chr09	11400001	11500000	9
Chr09	11500001	11600000	15
Chr09	11600001	11700000	8
Chr09	11700001	11800000	3
Chr09	11800001	11900000	2
Chr09	11900001	12000000	2
Chr09	12000001	12100000	3
Chr09	12100001	12200000	6
Chr09	12200001	12300000	10
Chr09	12300001	12400000	3
Chr09	12400001	12500000	4
Chr09	12500001	12600000	6
Chr09	12600001	12700000	3
Chr09	12700001	12800000	3
Chr09	12800001	12900000	4
Chr09	12900001	13000000	13
Chr09	13000001	13100000	6
Chr09	13100001	13200000	4
Chr09	13200001	13300000	4
Chr09	13300001	13400000	3
Chr09	13400001	13500000	3
Chr09	13500001	13600000	6
Chr09	13600001	13700000	5
Chr09	13700001	13800000	10
Chr09	13800001	13900000	15
Chr09	13900001	14000000	16
Chr09	14000001	14100000	4
Chr09	14100001	14200000	10
Chr09	14200001	14300000	7
Chr09	14300001	14400000	7
Chr09	14400001	14500000	5
Chr09	14500001	14600000	8
Chr09	14600001	14700000	9
Chr09	14700001	14800000	7
Chr09	14800001	14900000	6
Chr09	14900001	15000000	1
Chr09	15000001	15100000	8
Chr09	15100001	15200000	12
Chr09	15200001	15300000	8
Chr09	15300001	15400000	9
Chr09	15400001	15500000	4
Chr09	15500001	15600000	7
Chr09	15600001	15700000	8
Chr09	15700001	15800000	10
Chr09	15800001	15900000	7
Chr09	15900001	16000000	5
Chr09	16000001	16100000	6
Chr09	16100001	16200000	10
Chr09	16200001	16300000	12
Chr09	16300001	16400000	8
Chr09	16400001	16500000	5
Chr09	16500001	16600000	8
Chr09	16600001	16700000	6
Chr09	16700001	16800000	13
Chr09	16800001	16900000	8
Chr09	16900001	17000000	9
Chr09	17000001	17100000	6
Chr09	17100001	17200000	13
Chr09	17200001	17300000	11
Chr09	17300001	17400000	10
Chr09	17400001	17500000	4
Chr09	17500001	17600000	10
Chr09	17600001	17700000	7
Chr09	17700001	17800000	7
Chr09	17800001	17900000	5
Chr09	17900001	18000000	11
Chr09	18000001	18100000	7
Chr09	18100001	18200000	6
Chr09	18200001	18300000	11
Chr09	18300001	18400000	9
Chr09	18400001	18500000	7
Chr09	18500001	18600000	3
Chr09	18600001	18700000	16
Chr09	18700001	18800000	17
Chr09	18800001	18900000	8
Chr09	18900001	19000000	8
Chr09	19000001	19100000	17
Chr09	19100001	19200000	4
Chr09	19200001	19300000	9
Chr09	19300001	19400000	7
Chr09	19400001	19500000	10
Chr09	19500001	19600000	10
Chr09	19600001	19700000	13
Chr09	19700001	19800000	15
Chr09	19800001	19900000	12
Chr09	19900001	20000000	17
Chr09	20000001	20100000	4
Chr09	20100001	20200000	7
Chr09	20200001	20300000	9
Chr09	20300001	20400000	14
Chr09	20400001	20500000	10
Chr09	20500001	20600000	9
Chr09	20600001	20700000	12
Chr09	20700001	20800000	12
Chr09	20800001	20900000	15
Chr09	20900001	21000000	8
Chr09	21000001	21100000	11
Chr09	21100001	21200000	10
Chr09	21200001	21300000	13
Chr09	21300001	21400000	20
Chr09	21400001	21500000	9
Chr09	21500001	21600000	8
Chr09	21600001	21700000	11
Chr09	21700001	21800000	17
Chr09	21800001	21900000	14
Chr09	21900001	22000000	9
Chr09	22000001	22100000	8
Chr09	22100001	22200000	13
Chr09	22200001	22300000	10
Chr09	22300001	22400000	15
Chr09	22400001	22500000	12
Chr09	22500001	22600000	11
Chr09	22600001	22700000	16
Chr09	22700001	22800000	11
Chr09	22800001	22900000	24
Chr09	22900001	23000000	15
Chr09	23000001	23100000	15
Chr09	23100001	23200000	10
Chr09	23200001	23300000	15
Chr09	23300001	23400000	18
Chr09	23400001	23500000	9
Chr09	23500001	23600000	17
Chr09	23600001	23700000	16
Chr09	23700001	23800000	13
Chr09	23800001	23900000	20
Chr09	23900001	24000000	15
Chr09	24000001	24100000	13
Chr09	24100001	24200000	14
Chr09	24200001	24300000	14
Chr09	24300001	24400000	15
Chr09	24400001	24500000	20
Chr09	24500001	24600000	14
Chr09	24600001	24700000	9
Chr09	24700001	24800000	16
Chr09	24800001	24900000	7
Chr09	24900001	25000000	11
Chr09	25000001	25100000	13
Chr09	25100001	25200000	15
Chr09	25200001	25300000	13
Chr09	25300001	25400000	13
Chr09	25400001	25500000	15
Chr09	25500001	25600000	14
Chr09	25600001	25700000	20
Chr09	25700001	25800000	18
Chr09	25800001	25900000	9
Chr09	25900001	26000000	11
Chr09	26000001	26100000	27
Chr09	26100001	26200000	15
Chr09	26200001	26300000	12
Chr09	26300001	26400000	19
Chr09	26400001	26500000	11
Chr09	26500001	26600000	12
Chr09	26600001	26700000	20
Chr09	26700001	26800000	24
Chr09	26800001	26900000	13
Chr09	26900001	27000000	12
Chr09	27000001	27100000	12
Chr09	27100001	27200000	26
Chr09	27200001	27300000	19
Chr09	27300001	27400000	12
Chr09	27400001	27474823	3
Chr10	1	100000	5
Chr10	100001	200000	7
Chr10	200001	300000	3
Chr10	300001	400000	8
Chr10	400001	500000	11
Chr10	500001	600000	11
Chr10	600001	700000	7
Chr10	700001	800000	6
Chr10	800001	900000	12
Chr10	900001	1000000	7
Chr10	1000001	1100000	13
Chr10	1100001	1200000	7
Chr10	1200001	1300000	4
Chr10	1300001	1400000	6
Chr10	1400001	1500000	8
Chr10	1500001	1600000	10
Chr10	1600001	1700000	6
Chr10	1700001	1800000	13
Chr10	1800001	1900000	13
Chr10	1900001	2000000	7
Chr10	2000001	2100000	8
Chr10	2100001	2200000	13
Chr10	2200001	2300000	12
Chr10	2300001	2400000	7
Chr10	2400001	2500000	7
Chr10	2500001	2600000	12
Chr10	2600001	2700000	6
Chr10	2700001	2800000	8
Chr10	2800001	2900000	9
Chr10	2900001	3000000	10
Chr10	3000001	3100000	13
Chr10	3100001	3200000	4
Chr10	3200001	3300000	2
Chr10	3300001	3400000	5
Chr10	3400001	3500000	9
Chr10	3500001	3600000	7
Chr10	3600001	3700000	6
Chr10	3700001	3800000	5
Chr10	3800001	3900000	9
Chr10	3900001	4000000	10
Chr10	4000001	4100000	6
Chr10	4100001	4200000	7
Chr10	4200001	4300000	6
Chr10	4300001	4400000	11
Chr10	4400001	4500000	11
Chr10	4500001	4600000	2
Chr10	4600001	4700000	6
Chr10	4700001	4800000	7
Chr10	4800001	4900000	12
Chr10	4900001	5000000	13
Chr10	5000001	5100000	5
Chr10	5100001	5200000	5
Chr10	5200001	5300000	2
Chr10	5300001	5400000	5
Chr10	5400001	5500000	6
Chr10	5500001	5600000	5
Chr10	5600001	5700000	5
Chr10	5700001	5800000	9
Chr10	5800001	5900000	7
Chr10	5900001	6000000	9
Chr10	6000001	6100000	7
Chr10	6100001	6200000	6
Chr10	6200001	6300000	8
Chr10	6300001	6400000	7
Chr10	6400001	6500000	10
Chr10	6500001	6600000	5
Chr10	6600001	6700000	8
Chr10	6700001	6800000	5
Chr10	6800001	6900000	6
Chr10	6900001	7000000	5
Chr10	7000001	7100000	5
Chr10	7100001	7200000	5
Chr10	7200001	7300000	4
Chr10	7300001	7400000	2
Chr10	7400001	7500000	7
Chr10	7500001	7600000	5
Chr10	7600001	7700000	6
Chr10	7700001	7800000	10
Chr10	7800001	7900000	4
Chr10	7900001	8000000	6
Chr10	8000001	8100000	5
Chr10	8100001	8200000	1
Chr10	8200001	8300000	4
Chr10	8300001	8400000	1
Chr10	8400001	8500000	2
Chr10	8500001	8600000	0
Chr10	8600001	8700000	1
Chr10	8700001	8800000	5
Chr10	8800001	8900000	3
Chr10	8900001	9000000	5
Chr10	9000001	9100000	3
Chr10	9100001	9200000	4
Chr10	9200001	9300000	4
Chr10	9300001	9400000	6
Chr10	9400001	9500000	6
Chr10	9500001	9600000	6
Chr10	9600001	9700000	8
Chr10	9700001	9800000	6
Chr10	9800001	9900000	7
Chr10	9900001	10000000	4
Chr10	10000001	10100000	4
Chr10	10100001	10200000	6
Chr10	10200001	10300000	8
Chr10	10300001	10400000	5
Chr10	10400001	10500000	15
Chr10	10500001	10600000	4
Chr10	10600001	10700000	10
Chr10	10700001	10800000	7
Chr10	10800001	10900000	9
Chr10	10900001	11000000	5
Chr10	11000001	11100000	7
Chr10	11100001	11200000	9
Chr10	11200001	11300000	6
Chr10	11300001	11400000	1
Chr10	11400001	11500000	6
Chr10	11500001	11600000	8
Chr10	11600001	11700000	10
Chr10	11700001	11800000	6
Chr10	11800001	11900000	6
Chr10	11900001	12000000	10
Chr10	12000001	12100000	7
Chr10	12100001	12200000	15
Chr10	12200001	12300000	8
Chr10	12300001	12400000	12
Chr10	12400001	12500000	8
Chr10	12500001	12600000	8
Chr10	12600001	12700000	8
Chr10	12700001	12800000	7
Chr10	12800001	12900000	1
Chr10	12900001	13000000	7
Chr10	13000001	13100000	1
Chr10	13100001	13200000	3
Chr10	13200001	13300000	3
Chr10	13300001	13400000	2
Chr10	13400001	13500000	25
Chr10	13500001	13600000	24
Chr10	13600001	13700000	11
Chr10	13700001	13800000	10
Chr10	13800001	13900000	7
Chr10	13900001	14000000	10
Chr10	14000001	14100000	12
Chr10	14100001	14200000	7
Chr10	14200001	14300000	9
Chr10	14300001	14400000	6
Chr10	14400001	14500000	6
Chr10	14500001	14600000	16
Chr10	14600001	14700000	2
Chr10	14700001	14800000	3
Chr10	14800001	14900000	8
Chr10	14900001	15000000	10
Chr10	15000001	15100000	12
Chr10	15100001	15200000	12
Chr10	15200001	15300000	9
Chr10	15300001	15400000	7
Chr10	15400001	15500000	13
Chr10	15500001	15600000	9
Chr10	15600001	15700000	14
Chr10	15700001	15800000	8
Chr10	15800001	15900000	15
Chr10	15900001	16000000	17
Chr10	16000001	16100000	12
Chr10	16100001	16200000	11
Chr10	16200001	16300000	11
Chr10	16300001	16400000	12
Chr10	16400001	16500000	14
Chr10	16500001	16600000	11
Chr10	16600001	16700000	10
Chr10	16700001	16800000	11
Chr10	16800001	16900000	10
Chr10	16900001	17000000	7
Chr10	17000001	17100000	4
Chr10	17100001	17200000	15
Chr10	17200001	17300000	12
Chr10	17300001	17400000	11
Chr10	17400001	17500000	12
Chr10	17500001	17600000	11
Chr10	17600001	17700000	10
Chr10	17700001	17800000	14
Chr10	17800001	17900000	16
Chr10	17900001	18000000	11
Chr10	18000001	18100000	8
Chr10	18100001	18200000	7
Chr10	18200001	18300000	7
Chr10	18300001	18400000	7
Chr10	18400001	18500000	11
Chr10	18500001	18600000	7
Chr10	18600001	18700000	12
Chr10	18700001	18800000	5
Chr10	18800001	18900000	12
Chr10	18900001	19000000	16
Chr10	19000001	19100000	13
Chr10	19100001	19200000	11
Chr10	19200001	19300000	19
Chr10	19300001	19400000	17
Chr10	19400001	19500000	11
Chr10	19500001	19600000	16
Chr10	19600001	19700000	14
Chr10	19700001	19800000	16
Chr10	19800001	19900000	17
Chr10	19900001	20000000	12
Chr10	20000001	20100000	16
Chr10	20100001	20200000	7
Chr10	20200001	20300000	13
Chr10	20300001	20400000	11
Chr10	20400001	20500000	11
Chr10	20500001	20600000	14
Chr10	20600001	20700000	9
Chr10	20700001	20800000	11
Chr10	20800001	20900000	13
Chr10	20900001	21000000	12
Chr10	21000001	21100000	11
Chr10	21100001	21200000	15
Chr10	21200001	21300000	10
Chr10	21300001	21400000	17
Chr10	21400001	21500000	18
Chr10	21500001	21600000	12
Chr10	21600001	21700000	15
Chr10	21700001	21800000	20
Chr10	21800001	21900000	13
Chr10	21900001	22000000	12
Chr10	22000001	22100000	17
Chr10	22100001	22200000	16
Chr10	22200001	22300000	15
Chr10	22300001	22400000	17
Chr10	22400001	22500000	10
Chr10	22500001	22600000	9
Chr10	22600001	22700000	17
Chr10	22700001	22800000	19
Chr10	22800001	22900000	15
Chr10	22900001	23000000	20
Chr10	23000001	23100000	8
Chr10	23100001	23200000	18
Chr10	23200001	23300000	16
Chr10	23300001	23400000	13
Chr10	23400001	23500000	14
Chr10	23500001	23600000	9
Chr10	23600001	23700000	17
Chr10	23700001	23800000	17
Chr10	23800001	23900000	15
Chr10	23900001	23931887	2
Chr11	1	100000	10
Chr11	100001	200000	14
Chr11	200001	300000	14
Chr11	300001	400000	19
Chr11	400001	500000	17
Chr11	500001	600000	10
Chr11	600001	700000	20
Chr11	700001	800000	16
Chr11	800001	900000	16
Chr11	900001	1000000	16
Chr11	1000001	1100000	8
Chr11	1100001	1200000	7
Chr11	1200001	1300000	13
Chr11	1300001	1400000	14
Chr11	1400001	1500000	22
Chr11	1500001	1600000	14
Chr11	1600001	1700000	14
Chr11	1700001	1800000	16
Chr11	1800001	1900000	19
Chr11	1900001	2000000	19
Chr11	2000001	2100000	13
Chr11	2100001	2200000	21
Chr11	2200001	2300000	10
Chr11	2300001	2400000	16
Chr11	2400001	2500000	15
Chr11	2500001	2600000	17
Chr11	2600001	2700000	11
Chr11	2700001	2800000	9
Chr11	2800001	2900000	11
Chr11	2900001	3000000	12
Chr11	3000001	3100000	13
Chr11	3100001	3200000	10
Chr11	3200001	3300000	10
Chr11	3300001	3400000	12
Chr11	3400001	3500000	11
Chr11	3500001	3600000	15
Chr11	3600001	3700000	9
Chr11	3700001	3800000	11
Chr11	3800001	3900000	9
Chr11	3900001	4000000	6
Chr11	4000001	4100000	12
Chr11	4100001	4200000	14
Chr11	4200001	4300000	5
Chr11	4300001	4400000	7
Chr11	4400001	4500000	12
Chr11	4500001	4600000	6
Chr11	4600001	4700000	7
Chr11	4700001	4800000	14
Chr11	4800001	4900000	8
Chr11	4900001	5000000	11
Chr11	5000001	5100000	10
Chr11	5100001	5200000	8
Chr11	5200001	5300000	9
Chr11	5300001	5400000	13
Chr11	5400001	5500000	8
Chr11	5500001	5600000	11
Chr11	5600001	5700000	15
Chr11	5700001	5800000	9
Chr11	5800001	5900000	13
Chr11	5900001	6000000	11
Chr11	6000001	6100000	5
Chr11	6100001	6200000	8
Chr11	6200001	6300000	8
Chr11	6300001	6400000	9
Chr11	6400001	6500000	10
Chr11	6500001	6600000	8
Chr11	6600001	6700000	8
Chr11	6700001	6800000	1
Chr11	6800001	6900000	6
Chr11	6900001	7000000	6
Chr11	7000001	7100000	12
Chr11	7100001	7200000	1
Chr11	7200001	7300000	8
Chr11	7300001	7400000	9
Chr11	7400001	7500000	4
Chr11	7500001	7600000	7
Chr11	7600001	7700000	8
Chr11	7700001	7800000	5
Chr11	7800001	7900000	9
Chr11	7900001	8000000	5
Chr11	8000001	8100000	11
Chr11	8100001	8200000	7
Chr11	8200001	8300000	13
Chr11	8300001	8400000	9
Chr11	8400001	8500000	7
Chr11	8500001	8600000	13
Chr11	8600001	8700000	7
Chr11	8700001	8800000	4
Chr11	8800001	8900000	9
Chr11	8900001	9000000	6
Chr11	9000001	9100000	11
Chr11	9100001	9200000	5
Chr11	9200001	9300000	6
Chr11	9300001	9400000	8
Chr11	9400001	9500000	8
Chr11	9500001	9600000	10
Chr11	9600001	9700000	6
Chr11	9700001	9800000	4
Chr11	9800001	9900000	6
Chr11	9900001	10000000	5
Chr11	10000001	10100000	1
Chr11	10100001	10200000	9
Chr11	10200001	10300000	9
Chr11	10300001	10400000	4
Chr11	10400001	10500000	7
Chr11	10500001	10600000	4
Chr11	10600001	10700000	7
Chr11	10700001	10800000	3
Chr11	10800001	10900000	2
Chr11	10900001	11000000	6
Chr11	11000001	11100000	6
Chr11	11100001	11200000	3
Chr11	11200001	11300000	8
Chr11	11300001	11400000	7
Chr11	11400001	11500000	8
Chr11	11500001	11600000	3
Chr11	11600001	11700000	4
Chr11	11700001	11800000	4
Chr11	11800001	11900000	10
Chr11	11900001	12000000	4
Chr11	12000001	12100000	5
Chr11	12100001	12200000	6
Chr11	12200001	12300000	8
Chr11	12300001	12400000	2
Chr11	12400001	12500000	5
Chr11	12500001	12600000	107
Chr11	12600001	12700000	166
Chr11	12700001	12800000	3
Chr11	12800001	12900000	1
Chr11	12900001	13000000	0
Chr11	13000001	13100000	0
Chr11	13100001	13200000	0
Chr11	13200001	13300000	0
Chr11	13300001	13400000	0
Chr11	13400001	13500000	0
Chr11	13500001	13600000	0
Chr11	13600001	13700000	0
Chr11	13700001	13800000	0
Chr11	13800001	13900000	1
Chr11	13900001	14000000	0
Chr11	14000001	14100000	0
Chr11	14100001	14200000	0
Chr11	14200001	14300000	2
Chr11	14300001	14400000	7
Chr11	14400001	14500000	6
Chr11	14500001	14600000	4
Chr11	14600001	14700000	9
Chr11	14700001	14800000	3
Chr11	14800001	14900000	4
Chr11	14900001	15000000	4
Chr11	15000001	15100000	5
Chr11	15100001	15200000	5
Chr11	15200001	15300000	4
Chr11	15300001	15400000	3
Chr11	15400001	15500000	6
Chr11	15500001	15600000	9
Chr11	15600001	15700000	8
Chr11	15700001	15800000	4
Chr11	15800001	15900000	10
Chr11	15900001	16000000	10
Chr11	16000001	16100000	2
Chr11	16100001	16200000	7
Chr11	16200001	16300000	7
Chr11	16300001	16400000	3
Chr11	16400001	16500000	5
Chr11	16500001	16600000	5
Chr11	16600001	16700000	3
Chr11	16700001	16800000	4
Chr11	16800001	16900000	6
Chr11	16900001	17000000	6
Chr11	17000001	17100000	6
Chr11	17100001	17200000	11
Chr11	17200001	17300000	3
Chr11	17300001	17400000	9
Chr11	17400001	17500000	5
Chr11	17500001	17600000	7
Chr11	17600001	17700000	7
Chr11	17700001	17800000	3
Chr11	17800001	17900000	5
Chr11	17900001	18000000	4
Chr11	18000001	18100000	6
Chr11	18100001	18200000	8
Chr11	18200001	18300000	5
Chr11	18300001	18400000	2
Chr11	18400001	18500000	2
Chr11	18500001	18600000	2
Chr11	18600001	18700000	7
Chr11	18700001	18800000	5
Chr11	18800001	18900000	5
Chr11	18900001	19000000	10
Chr11	19000001	19100000	7
Chr11	19100001	19200000	10
Chr11	19200001	19300000	9
Chr11	19300001	19400000	9
Chr11	19400001	19500000	6
Chr11	19500001	19600000	9
Chr11	19600001	19700000	4
Chr11	19700001	19800000	8
Chr11	19800001	19900000	7
Chr11	19900001	20000000	5
Chr11	20000001	20100000	5
Chr11	20100001	20200000	1
Chr11	20200001	20300000	10
Chr11	20300001	20400000	14
Chr11	20400001	20500000	10
Chr11	20500001	20600000	8
Chr11	20600001	20700000	8
Chr11	20700001	20800000	3
Chr11	20800001	20900000	7
Chr11	20900001	21000000	7
Chr11	21000001	21100000	13
Chr11	21100001	21200000	11
Chr11	21200001	21300000	4
Chr11	21300001	21400000	11
Chr11	21400001	21500000	6
Chr11	21500001	21600000	10
Chr11	21600001	21700000	9
Chr11	21700001	21800000	6
Chr11	21800001	21900000	5
Chr11	21900001	22000000	14
Chr11	22000001	22100000	11
Chr11	22100001	22200000	6
Chr11	22200001	22300000	9
Chr11	22300001	22400000	17
Chr11	22400001	22500000	12
Chr11	22500001	22600000	10
Chr11	22600001	22700000	17
Chr11	22700001	22800000	8
Chr11	22800001	22900000	7
Chr11	22900001	23000000	8
Chr11	23000001	23100000	3
Chr11	23100001	23200000	11
Chr11	23200001	23300000	9
Chr11	23300001	23400000	4
Chr11	23400001	23500000	12
Chr11	23500001	23600000	4
Chr11	23600001	23700000	13
Chr11	23700001	23800000	12
Chr11	23800001	23900000	8
Chr11	23900001	24000000	11
Chr11	24000001	24100000	7
Chr11	24100001	24200000	10
Chr11	24200001	24300000	8
Chr11	24300001	24400000	6
Chr11	24400001	24500000	14
Chr11	24500001	24600000	18
Chr11	24600001	24700000	11
Chr11	24700001	24800000	10
Chr11	24800001	24900000	12
Chr11	24900001	25000000	1
Chr11	25000001	25100000	9
Chr11	25100001	25200000	16
Chr11	25200001	25300000	8
Chr11	25300001	25400000	18
Chr11	25400001	25500000	6
Chr11	25500001	25600000	14
Chr11	25600001	25700000	3
Chr11	25700001	25800000	5
Chr11	25800001	25900000	15
Chr11	25900001	26000000	13
Chr11	26000001	26100000	10
Chr11	26100001	26200000	13
Chr11	26200001	26300000	6
Chr11	26300001	26400000	9
Chr11	26400001	26500000	8
Chr11	26500001	26600000	8
Chr11	26600001	26700000	12
Chr11	26700001	26800000	6
Chr11	26800001	26900000	10
Chr11	26900001	27000000	7
Chr11	27000001	27100000	4
Chr11	27100001	27200000	14
Chr11	27200001	27300000	8
Chr11	27300001	27400000	9
Chr11	27400001	27500000	14
Chr11	27500001	27600000	12
Chr11	27600001	27700000	3
Chr11	27700001	27800000	8
Chr11	27800001	27900000	8
Chr11	27900001	28000000	5
Chr11	28000001	28100000	7
Chr11	28100001	28200000	12
Chr11	28200001	28300000	15
Chr11	28300001	28400000	5
Chr11	28400001	28500000	11
Chr11	28500001	28600000	8
Chr11	28600001	28700000	6
Chr11	28700001	28800000	8
Chr11	28800001	28900000	10
Chr11	28900001	29000000	11
Chr11	29000001	29100000	8
Chr11	29100001	29200000	11
Chr11	29200001	29300000	10
Chr11	29300001	29400000	10
Chr11	29400001	29500000	8
Chr11	29500001	29600000	8
Chr11	29600001	29700000	13
Chr11	29700001	29800000	8
Chr11	29800001	29900000	8
Chr11	29900001	30000000	8
Chr11	30000001	30100000	8
Chr11	30100001	30200000	8
Chr11	30200001	30300000	7
Chr11	30300001	30400000	12
Chr11	30400001	30500000	11
Chr11	30500001	30600000	5
Chr11	30600001	30700000	6
Chr11	30700001	30800000	11
Chr11	30800001	30900000	29
Chr11	30900001	31000000	14
Chr11	31000001	31100000	13
Chr11	31100001	31111469	0
Chr12	1	100000	11
Chr12	100001	200000	14
Chr12	200001	300000	11
Chr12	300001	400000	14
Chr12	400001	500000	13
Chr12	500001	600000	18
Chr12	600001	700000	20
Chr12	700001	800000	15
Chr12	800001	900000	22
Chr12	900001	1000000	19
Chr12	1000001	1100000	10
Chr12	1100001	1200000	12
Chr12	1200001	1300000	18
Chr12	1300001	1400000	18
Chr12	1400001	1500000	12
Chr12	1500001	1600000	20
Chr12	1600001	1700000	14
Chr12	1700001	1800000	21
Chr12	1800001	1900000	19
Chr12	1900001	2000000	18
Chr12	2000001	2100000	12
Chr12	2100001	2200000	13
Chr12	2200001	2300000	9
Chr12	2300001	2400000	13
Chr12	2400001	2500000	12
Chr12	2500001	2600000	10
Chr12	2600001	2700000	18
Chr12	2700001	2800000	14
Chr12	2800001	2900000	8
Chr12	2900001	3000000	11
Chr12	3000001	3100000	8
Chr12	3100001	3200000	7
Chr12	3200001	3300000	11
Chr12	3300001	3400000	13
Chr12	3400001	3500000	9
Chr12	3500001	3600000	13
Chr12	3600001	3700000	10
Chr12	3700001	3800000	7
Chr12	3800001	3900000	10
Chr12	3900001	4000000	13
Chr12	4000001	4100000	14
Chr12	4100001	4200000	10
Chr12	4200001	4300000	14
Chr12	4300001	4400000	5
Chr12	4400001	4500000	5
Chr12	4500001	4600000	10
Chr12	4600001	4700000	3
Chr12	4700001	4800000	9
Chr12	4800001	4900000	9
Chr12	4900001	5000000	4
Chr12	5000001	5100000	10
Chr12	5100001	5200000	9
Chr12	5200001	5300000	3
Chr12	5300001	5400000	3
Chr12	5400001	5500000	11
Chr12	5500001	5600000	9
Chr12	5600001	5700000	10
Chr12	5700001	5800000	11
Chr12	5800001	5900000	11
Chr12	5900001	6000000	3
Chr12	6000001	6100000	1
Chr12	6100001	6200000	5
Chr12	6200001	6300000	7
Chr12	6300001	6400000	4
Chr12	6400001	6500000	4
Chr12	6500001	6600000	4
Chr12	6600001	6700000	6
Chr12	6700001	6800000	9
Chr12	6800001	6900000	5
Chr12	6900001	7000000	12
Chr12	7000001	7100000	11
Chr12	7100001	7200000	5
Chr12	7200001	7300000	10
Chr12	7300001	7400000	10
Chr12	7400001	7500000	9
Chr12	7500001	7600000	9
Chr12	7600001	7700000	3
Chr12	7700001	7800000	4
Chr12	7800001	7900000	4
Chr12	7900001	8000000	8
Chr12	8000001	8100000	10
Chr12	8100001	8200000	2
Chr12	8200001	8300000	5
Chr12	8300001	8400000	4
Chr12	8400001	8500000	3
Chr12	8500001	8600000	4
Chr12	8600001	8700000	2
Chr12	8700001	8800000	6
Chr12	8800001	8900000	11
Chr12	8900001	9000000	8
Chr12	9000001	9100000	3
Chr12	9100001	9200000	5
Chr12	9200001	9300000	5
Chr12	9300001	9400000	6
Chr12	9400001	9500000	4
Chr12	9500001	9600000	9
Chr12	9600001	9700000	7
Chr12	9700001	9800000	4
Chr12	9800001	9900000	10
Chr12	9900001	10000000	3
Chr12	10000001	10100000	5
Chr12	10100001	10200000	8
Chr12	10200001	10300000	7
Chr12	10300001	10400000	4
Chr12	10400001	10500000	6
Chr12	10500001	10600000	5
Chr12	10600001	10700000	3
Chr12	10700001	10800000	6
Chr12	10800001	10900000	10
Chr12	10900001	11000000	8
Chr12	11000001	11100000	6
Chr12	11100001	11200000	5
Chr12	11200001	11300000	4
Chr12	11300001	11400000	7
Chr12	11400001	11500000	4
Chr12	11500001	11600000	5
Chr12	11600001	11700000	3
Chr12	11700001	11800000	5
Chr12	11800001	11900000	2
Chr12	11900001	12000000	10
Chr12	12000001	12100000	4
Chr12	12100001	12200000	0
Chr12	12200001	12300000	0
Chr12	12300001	12400000	0
Chr12	12400001	12500000	0
Chr12	12500001	12600000	8
Chr12	12600001	12700000	8
Chr12	12700001	12800000	10
Chr12	12800001	12900000	7
Chr12	12900001	13000000	3
Chr12	13000001	13100000	1
Chr12	13100001	13200000	3
Chr12	13200001	13300000	11
Chr12	13300001	13400000	6
Chr12	13400001	13500000	7
Chr12	13500001	13600000	7
Chr12	13600001	13700000	5
Chr12	13700001	13800000	3
Chr12	13800001	13900000	3
Chr12	13900001	14000000	6
Chr12	14000001	14100000	7
Chr12	14100001	14200000	5
Chr12	14200001	14300000	4
Chr12	14300001	14400000	5
Chr12	14400001	14500000	6
Chr12	14500001	14600000	5
Chr12	14600001	14700000	4
Chr12	14700001	14800000	2
Chr12	14800001	14900000	7
Chr12	14900001	15000000	5
Chr12	15000001	15100000	3
Chr12	15100001	15200000	4
Chr12	15200001	15300000	3
Chr12	15300001	15400000	6
Chr12	15400001	15500000	2
Chr12	15500001	15600000	7
Chr12	15600001	15700000	0
Chr12	15700001	15800000	2
Chr12	15800001	15900000	6
Chr12	15900001	16000000	4
Chr12	16000001	16100000	2
Chr12	16100001	16200000	2
Chr12	16200001	16300000	5
Chr12	16300001	16400000	3
Chr12	16400001	16500000	5
Chr12	16500001	16600000	5
Chr12	16600001	16700000	4
Chr12	16700001	16800000	2
Chr12	16800001	16900000	8
Chr12	16900001	17000000	10
Chr12	17000001	17100000	9
Chr12	17100001	17200000	7
Chr12	17200001	17300000	2
Chr12	17300001	17400000	6
Chr12	17400001	17500000	3
Chr12	17500001	17600000	4
Chr12	17600001	17700000	0
Chr12	17700001	17800000	5
Chr12	17800001	17900000	6
Chr12	17900001	18000000	8
Chr12	18000001	18100000	5
Chr12	18100001	18200000	11
Chr12	18200001	18300000	8
Chr12	18300001	18400000	8
Chr12	18400001	18500000	9
Chr12	18500001	18600000	5
Chr12	18600001	18700000	3
Chr12	18700001	18800000	5
Chr12	18800001	18900000	12
Chr12	18900001	19000000	4
Chr12	19000001	19100000	7
Chr12	19100001	19200000	4
Chr12	19200001	19300000	5
Chr12	19300001	19400000	7
Chr12	19400001	19500000	10
Chr12	19500001	19600000	10
Chr12	19600001	19700000	13
Chr12	19700001	19800000	1
Chr12	19800001	19900000	8
Chr12	19900001	20000000	13
Chr12	20000001	20100000	10
Chr12	20100001	20200000	14
Chr12	20200001	20300000	8
Chr12	20300001	20400000	9
Chr12	20400001	20500000	9
Chr12	20500001	20600000	12
Chr12	20600001	20700000	11
Chr12	20700001	20800000	5
Chr12	20800001	20900000	3
Chr12	20900001	21000000	7
Chr12	21000001	21100000	4
Chr12	21100001	21200000	5
Chr12	21200001	21300000	7
Chr12	21300001	21400000	5
Chr12	21400001	21500000	11
Chr12	21500001	21600000	15
Chr12	21600001	21700000	0
Chr12	21700001	21800000	1
Chr12	21800001	21900000	7
Chr12	21900001	22000000	17
Chr12	22000001	22100000	8
Chr12	22100001	22200000	12
Chr12	22200001	22300000	11
Chr12	22300001	22400000	14
Chr12	22400001	22500000	2
Chr12	22500001	22600000	2
Chr12	22600001	22700000	6
Chr12	22700001	22800000	3
Chr12	22800001	22900000	8
Chr12	22900001	23000000	6
Chr12	23000001	23100000	6
Chr12	23100001	23200000	14
Chr12	23200001	23300000	13
Chr12	23300001	23400000	8
Chr12	23400001	23500000	8
Chr12	23500001	23600000	5
Chr12	23600001	23700000	12
Chr12	23700001	23800000	13
Chr12	23800001	23900000	10
Chr12	23900001	24000000	11
Chr12	24000001	24100000	18
Chr12	24100001	24200000	19
Chr12	24200001	24300000	12
Chr12	24300001	24400000	10
Chr12	24400001	24500000	12
Chr12	24500001	24600000	11
Chr12	24600001	24700000	12
Chr12	24700001	24800000	9
Chr12	24800001	24900000	9
Chr12	24900001	25000000	9
Chr12	25000001	25100000	2
Chr12	25100001	25200000	5
Chr12	25200001	25300000	10
Chr12	25300001	25400000	15
Chr12	25400001	25500000	10
Chr12	25500001	25600000	7
Chr12	25600001	25700000	10
Chr12	25700001	25800000	19
Chr12	25800001	25900000	6
Chr12	25900001	26000000	12
Chr12	26000001	26100000	7
Chr12	26100001	26200000	4
Chr12	26200001	26300000	11
Chr12	26300001	26400000	12
Chr12	26400001	26500000	18
Chr12	26500001	26600000	13
Chr12	26600001	26700000	10
Chr12	26700001	26800000	14
Chr12	26800001	26900000	17
Chr12	26900001	27000000	5
Chr12	27000001	27100000	10
Chr12	27100001	27200000	10
Chr12	27200001	27300000	10
Chr12	27300001	27400000	13
Chr12	27400001	27500000	11
Chr12	27500001	27600000	6
Chr12	27600001	27700000	11
Chr12	27700001	27800000	14
Chr12	27800001	27900000	12
Chr12	27900001	28000000	16
Chr12	28000001	28100000	16
Chr12	28100001	28200000	16
Chr12	28200001	28271460	6
